グランピング,https://4travel.jp/dm_travelogue_list-tag-5444.html
キャンプ,https://4travel.jp/dm_travelogue_list-tag-6945.html
キャンピングカー,https://4travel.jp/dm_travelogue_list-tag-20894.html
釣り,https://4travel.jp/dm_travelogue_list-tag-33.html
カヤック,https://4travel.jp/dm_travelogue_list-tag-14063.html
ラフティング,https://4travel.jp/dm_travelogue_list-tag-34985.html
SUP,https://4travel.jp/dm_travelogue_list-tag-11095.html
食べ歩き,https://4travel.jp/dm_travelogue_list-tag-401.html
ご当地グルメ,https://4travel.jp/dm_travelogue_list-tag-1259.html
B級グルメ,https://4travel.jp/dm_travelogue_list-tag-2299.html
スイーツ,https://4travel.jp/dm_travelogue_list-tag-453.html
カニ,https://4travel.jp/dm_travelogue_list-tag-8608.html
朝ごはん,https://4travel.jp/dm_travelogue_list-tag-57951.html
サイクリング,https://4travel.jp/dm_travelogue_list-tag-4808.html
道の駅,https://4travel.jp/dm_travelogue_list-tag-4101.html
ドライブ,https://4travel.jp/dm_travelogue_list-tag-413.html
ダム,https://4travel.jp/dm_travelogue_list-tag-1384.html
ドライブ・ツーリング,https://4travel.jp/dm_travelogue_list-tag-27.html
ツーリング,https://4travel.jp/dm_travelogue_list-tag-1170.html
ハイキング・登山,https://4travel.jp/dm_travelogue_list-tag-32.html

