香川,https://4travel.jp/dm_travelogue_list-todofuken-kagawa.html
愛媛,https://4travel.jp/dm_travelogue_list-todofuken-ehime.html
高知,https://4travel.jp/dm_travelogue_list-todofuken-kochi.html
福岡,https://4travel.jp/dm_travelogue_list-todofuken-fukuoka.html
佐賀,https://4travel.jp/dm_travelogue_list-todofuken-saga.html
長崎,https://4travel.jp/dm_travelogue_list-todofuken-nagasaki.html
熊本,https://4travel.jp/dm_travelogue_list-todofuken-kumamoto.html
大分,https://4travel.jp/dm_travelogue_list-todofuken-oita.html
宮城,https://4travel.jp/dm_travelogue_list-todofuken-miyazaki.html
鹿児島,https://4travel.jp/dm_travelogue_list-todofuken-kagoshima.html
沖縄,https://4travel.jp/dm_travelogue_list-todofuken-okinawa.html

