石垣港離島ターミナル	https://4travel.jp/dm_shisetsu/11291001
沖縄美ら海水族館	https://4travel.jp/dm_shisetsu/10000190
富士屋ホテル	https://4travel.jp/dm_hotel_each-10042066.html
川平湾	https://4travel.jp/dm_shisetsu/10031874
国際通り	https://4travel.jp/dm_shisetsu/10005783
富士山	https://4travel.jp/dm_shisetsu/10010454
首里城公園 (首里城)	https://4travel.jp/dm_shisetsu/10005826
道後温泉本館	https://4travel.jp/dm_shisetsu/10667660
伊良部大橋	https://4travel.jp/dm_shisetsu/11371628
東京スカイツリー	https://4travel.jp/dm_shisetsu/10667842
大通公園	https://4travel.jp/dm_shisetsu/10017058
嚴島神社	https://4travel.jp/dm_shisetsu/10002779
与那覇前浜 (前浜ビーチ)	https://4travel.jp/dm_shisetsu/10668975
さっぽろテレビ塔	https://4travel.jp/dm_shisetsu/10004552
渡月橋	https://4travel.jp/dm_shisetsu/10008782
札幌市時計台	https://4travel.jp/dm_shisetsu/10004548
兼六園	https://4travel.jp/dm_shisetsu/10019061
東京ディズニーランド	https://4travel.jp/dm_shisetsu/11187263
小樽運河	https://4travel.jp/dm_shisetsu/10007299
姫路城	https://4travel.jp/dm_shisetsu/10005304
古宇利大橋	https://4travel.jp/dm_shisetsu/10667448
出雲大社	https://4travel.jp/dm_shisetsu/10002696
コンドイビーチ	https://4travel.jp/dm_shisetsu/10668978
東平安名崎／平安名崎灯台	https://4travel.jp/dm_shisetsu/10012257
原爆ドーム	https://4travel.jp/dm_shisetsu/10006894
八坂神社	https://4travel.jp/dm_shisetsu/10002104
東京ディズニーシー	https://4travel.jp/dm_shisetsu/11187264
玉取崎展望台	https://4travel.jp/dm_shisetsu/10007557
池間大橋	https://4travel.jp/dm_shisetsu/10667361
清水寺	https://4travel.jp/dm_shisetsu/10002108
北海道庁旧本庁舎	https://4travel.jp/dm_shisetsu/10004549
美瑛(白金) 青い池	https://4travel.jp/dm_shisetsu/11187771
京都タワー	https://4travel.jp/dm_shisetsu/10005176
万座毛	https://4travel.jp/dm_shisetsu/10012196
ひがし茶屋街	https://4travel.jp/dm_shisetsu/10006772
西桟橋	https://4travel.jp/dm_shisetsu/10667453
旭山動物園	https://4travel.jp/dm_shisetsu/10000013
五稜郭タワー	https://4travel.jp/dm_shisetsu/10004515
ゆいレール	https://4travel.jp/dm_shisetsu/10668986
斎場御嶽	https://4travel.jp/dm_shisetsu/10004231
鶴岡八幡宮	https://4travel.jp/dm_shisetsu/10001085
守礼門	https://4travel.jp/dm_shisetsu/10007234
第一牧志公設市場	https://4travel.jp/dm_shisetsu/10668916
伏見稲荷大社	https://4travel.jp/dm_shisetsu/10002206
松山城	https://4travel.jp/dm_shisetsu/10007343
大浦天主堂	https://4travel.jp/dm_shisetsu/10003101
近江町市場	https://4travel.jp/dm_shisetsu/11289782
今帰仁城跡	https://4travel.jp/dm_shisetsu/10005851
伊勢神宮内宮(皇大神宮)	https://4travel.jp/dm_shisetsu/10003975
天龍寺	https://4travel.jp/dm_shisetsu/10002258
太宰府天満宮	https://4travel.jp/dm_shisetsu/10003028
砂山ビーチ	https://4travel.jp/dm_shisetsu/10031888
金沢21世紀美術館	https://4travel.jp/dm_shisetsu/10016382
浅草寺	https://4travel.jp/dm_shisetsu/10000931
渡口の浜	https://4travel.jp/dm_shisetsu/11289678
なごみの塔	https://4travel.jp/dm_shisetsu/10007852
日光東照宮	https://4travel.jp/dm_shisetsu/10004819
通り池	https://4travel.jp/dm_shisetsu/10012265
平久保崎	https://4travel.jp/dm_shisetsu/10012279
東京タワー	https://4travel.jp/dm_shisetsu/10004639
善光寺	https://4travel.jp/dm_shisetsu/10004059
ファーム富田	https://4travel.jp/dm_shisetsu/11187776
竜宮城展望台	https://4travel.jp/dm_shisetsu/10006695
首里城正殿	https://4travel.jp/dm_shisetsu/10007233
国宝松本城(松本城公園)	https://4travel.jp/dm_shisetsu/10004927
河童橋	https://4travel.jp/dm_shisetsu/10667340
四季彩の丘	https://4travel.jp/dm_shisetsu/10017079
ザ・フジヤ	https://4travel.jp/dm_shisetsu/10169410
平等院	https://4travel.jp/dm_shisetsu/10002197
バスタ新宿	https://4travel.jp/dm_shisetsu/11607928
春日大社	https://4travel.jp/dm_shisetsu/10002341
来間大橋	https://4travel.jp/dm_shisetsu/10666609
グラバー園	https://4travel.jp/dm_shisetsu/10005657
湯畑	https://4travel.jp/dm_shisetsu/10010195
世界遺産白川郷合掌造り集落	https://4travel.jp/dm_shisetsu/10008340
星砂の浜(竹富島)	https://4travel.jp/dm_shisetsu/10667446
宮島フェリー	https://4travel.jp/dm_shisetsu/11288723
眼鏡橋	https://4travel.jp/dm_shisetsu/10005651
伊勢神宮外宮(豊受大神宮)	https://4travel.jp/dm_shisetsu/10003977
東京国立博物館	https://4travel.jp/dm_shisetsu/10013344
竹富港	https://4travel.jp/dm_shisetsu/11330902
ユーグレナモール	https://4travel.jp/dm_shisetsu/10668778
金森赤レンガ倉庫	https://4travel.jp/dm_shisetsu/10006769
備瀬のフクギ並木	https://4travel.jp/dm_shisetsu/10012213
松江城 (千鳥城)	https://4travel.jp/dm_shisetsu/10005360
【休園】熊本城	https://4travel.jp/dm_shisetsu/10005680
南禅寺	https://4travel.jp/dm_shisetsu/10002163
芦ノ湖	https://4travel.jp/dm_shisetsu/10009874
那智の滝	https://4travel.jp/dm_shisetsu/10011054
上野恩賜公園	https://4travel.jp/dm_shisetsu/10017137
イムギャーマリンガーデン	https://4travel.jp/dm_shisetsu/10019006
とまりん	https://4travel.jp/dm_shisetsu/11324253
東大寺	https://4travel.jp/dm_shisetsu/10002339
興福寺	https://4travel.jp/dm_shisetsu/10662944
横浜赤レンガ倉庫	https://4travel.jp/dm_shisetsu/10006417
おかげ横丁	https://4travel.jp/dm_shisetsu/10005075
ホテル日航アリビラ	https://4travel.jp/dm_hotel_each-10053538.html
名古屋城	https://4travel.jp/dm_shisetsu/10008697
神橋	https://4travel.jp/dm_shisetsu/10667350
古宇利島	https://4travel.jp/dm_shisetsu/10012219
長谷寺(長谷観音)	https://4travel.jp/dm_shisetsu/10001106
鳥取砂丘	https://4travel.jp/dm_shisetsu/10011190
道の駅 許田 やんばる物産センター(やんばる物産)	https://4travel.jp/dm_shisetsu/10019353
明石海峡大橋 (本州 舞子浜側)	https://4travel.jp/dm_shisetsu/10603801
鶴ヶ城(若松城)	https://4travel.jp/dm_shisetsu/10006515
中禅寺湖	https://4travel.jp/dm_shisetsu/10010014
中尊寺	https://4travel.jp/dm_shisetsu/10000852
東大寺南大門	https://4travel.jp/dm_shisetsu/10004205
はりまや橋	https://4travel.jp/dm_shisetsu/10005522
赤福 本店	https://4travel.jp/dm_shisetsu/10170643
函館山	https://4travel.jp/dm_shisetsu/10009547
海中道路	https://4travel.jp/dm_shisetsu/10667360
熊野那智大社	https://4travel.jp/dm_shisetsu/10002504
ケンとメリーの木	https://4travel.jp/dm_shisetsu/10667441
オシンコシンの滝	https://4travel.jp/dm_shisetsu/10009744
すすきの	https://4travel.jp/dm_shisetsu/10006170
高知城	https://4travel.jp/dm_shisetsu/10006517
美浜アメリカンビレッジ	https://4travel.jp/dm_shisetsu/10005833
山下公園	https://4travel.jp/dm_shisetsu/10017249
鹿苑寺(金閣寺)	https://4travel.jp/dm_shisetsu/10002066
大涌谷	https://4travel.jp/dm_shisetsu/10009888
東福寺	https://4travel.jp/dm_shisetsu/10002128
奈良公園	https://4travel.jp/dm_shisetsu/10018219
函館朝市	https://4travel.jp/dm_shisetsu/10008373
宮古島東急ホテル＆リゾーツ	https://4travel.jp/dm_hotel_each-10053630.html
ピコット 本店	https://4travel.jp/dm_shisetsu/10833826
熊野本宮大社	https://4travel.jp/dm_shisetsu/10002478
大内宿	https://4travel.jp/dm_shisetsu/10006456
函館ハリストス正教会	https://4travel.jp/dm_shisetsu/10004292
雷門 (風雷神門)	https://4travel.jp/dm_shisetsu/10007626
櫛田神社	https://4travel.jp/dm_shisetsu/10004283
黒部ダム	https://4travel.jp/dm_shisetsu/10006603
新城海岸	https://4travel.jp/dm_shisetsu/10603799
弘前城(本丸 北の郭)	https://4travel.jp/dm_shisetsu/10006900
華厳滝	https://4travel.jp/dm_shisetsu/10010015
函館 八幡坂	https://4travel.jp/dm_shisetsu/11293004
海地獄	https://4travel.jp/dm_shisetsu/10008619
佐和田の浜	https://4travel.jp/dm_shisetsu/11288997
高台寺	https://4travel.jp/dm_shisetsu/10002091
嵯峨野 竹林の道	https://4travel.jp/dm_shisetsu/11288710
摩周湖	https://4travel.jp/dm_shisetsu/10009682
東京都恩賜上野動物園	https://4travel.jp/dm_shisetsu/10000023
竜頭ノ滝	https://4travel.jp/dm_shisetsu/10010019
浅間山	https://4travel.jp/dm_shisetsu/10009863
興福寺五重塔	https://4travel.jp/dm_shisetsu/10003732
フルーツパーク富士屋ホテル	https://4travel.jp/dm_hotel_each-10046444.html
ひろめ市場	https://4travel.jp/dm_shisetsu/11347763
長崎新地中華街	https://4travel.jp/dm_shisetsu/10005648
レインボーブリッジ	https://4travel.jp/dm_shisetsu/10008080
桂浜	https://4travel.jp/dm_shisetsu/10011533
尾山神社	https://4travel.jp/dm_shisetsu/10003281
諏訪湖サービスエリア	https://4travel.jp/dm_shisetsu/10666375
壺屋やちむん通り	https://4travel.jp/dm_shisetsu/11291076
波上宮	https://4travel.jp/dm_shisetsu/10003207
通天閣	https://4travel.jp/dm_shisetsu/10005145
ニッカウヰスキー北海道工場余市蒸溜所	https://4travel.jp/dm_shisetsu/10900358
国営ひたち海浜公園	https://4travel.jp/dm_shisetsu/10017466
下鴨神社(賀茂御祖神社)	https://4travel.jp/dm_shisetsu/10002136
東大寺金堂(大仏殿)	https://4travel.jp/dm_shisetsu/11342788
瀬長島ウミカジテラス	https://4travel.jp/dm_shisetsu/11582836
鼓門	https://4travel.jp/dm_shisetsu/11342372
ディズニーリゾートライン	https://4travel.jp/dm_shisetsu/11354129
おはらい町	https://4travel.jp/dm_shisetsu/10006283
日光二荒山神社	https://4travel.jp/dm_shisetsu/10001270
Tギャラリア 沖縄 by DFS	https://4travel.jp/dm_shisetsu/10668914
ユニバーサルスタジオジャパン	https://4travel.jp/dm_shisetsu/10033189
倉敷美観地区	https://4travel.jp/dm_shisetsu/10005405
伊香保温泉の石段街	https://4travel.jp/dm_shisetsu/10006275
御神崎	https://4travel.jp/dm_shisetsu/10012282
熱田神宮	https://4travel.jp/dm_shisetsu/10001654
宗谷岬	https://4travel.jp/dm_shisetsu/10009736
平安神宮	https://4travel.jp/dm_shisetsu/10002151
宇治橋	https://4travel.jp/dm_shisetsu/10003987
ANAインターコンチネンタル石垣リゾート	https://4travel.jp/dm_hotel_each-10053638.html
大阪城	https://4travel.jp/dm_shisetsu/10603877
錦市場	https://4travel.jp/dm_shisetsu/10667359
海洋博公園	https://4travel.jp/dm_shisetsu/10018995
大正池	https://4travel.jp/dm_shisetsu/10010337
亜熱帯植物楽園由布島	https://4travel.jp/dm_shisetsu/10012295
広島平和記念資料館	https://4travel.jp/dm_shisetsu/10015555
軽井沢プリンスショッピングプラザ	https://4travel.jp/dm_shisetsu/10667484
金鱗湖	https://4travel.jp/dm_shisetsu/10011950
戦場ヶ原	https://4travel.jp/dm_shisetsu/10010020
シギラビーチ	https://4travel.jp/dm_shisetsu/11364141
特別史跡 彦根城跡	https://4travel.jp/dm_shisetsu/10005094
勝連城跡(世界遺産)	https://4travel.jp/dm_shisetsu/10005841
海ほたるパーキングエリア	https://4travel.jp/dm_shisetsu/10666362
中尊寺金色堂	https://4travel.jp/dm_shisetsu/10004141
那智山青岸渡寺	https://4travel.jp/dm_shisetsu/10002505
小田原城	https://4travel.jp/dm_shisetsu/10603883
十和田湖	https://4travel.jp/dm_shisetsu/10009483
熊野速玉大社	https://4travel.jp/dm_shisetsu/10002476
ニシ浜	https://4travel.jp/dm_shisetsu/10668977
奥入瀬渓流	https://4travel.jp/dm_shisetsu/10009489
金沢城	https://4travel.jp/dm_shisetsu/11322740
ひめゆりの塔	https://4travel.jp/dm_shisetsu/10006195
東大寺二月堂	https://4travel.jp/dm_shisetsu/10004206
哲学の道	https://4travel.jp/dm_shisetsu/10006742
霧島神宮	https://4travel.jp/dm_shisetsu/10003202
水木しげるロード	https://4travel.jp/dm_shisetsu/10005340
円覚寺	https://4travel.jp/dm_shisetsu/10001062
高尾山	https://4travel.jp/dm_shisetsu/10009814
錦帯橋	https://4travel.jp/dm_shisetsu/10005450
瀬戸大橋 (香川県)	https://4travel.jp/dm_shisetsu/10667339
高徳院(鎌倉大仏)	https://4travel.jp/dm_shisetsu/10001108
グリル ウィステリア	https://4travel.jp/dm_shisetsu/10813553
古謝そば屋	https://4travel.jp/dm_shisetsu/10190176
東尋坊	https://4travel.jp/dm_shisetsu/10012322
瀬戸大橋 (岡山県)	https://4travel.jp/dm_shisetsu/10667338
首里城 園比屋武御嶽石門	https://4travel.jp/dm_shisetsu/10007235
山のホテル	https://4travel.jp/dm_hotel_each-10042111.html
波の上ビーチ	https://4travel.jp/dm_shisetsu/11288960
アドベンチャーワールド	https://4travel.jp/dm_shisetsu/10033293
硫黄山	https://4travel.jp/dm_shisetsu/10009681
千里浜なぎさドライブウェイ	https://4travel.jp/dm_shisetsu/10012404
五重塔	https://4travel.jp/dm_shisetsu/10006845
古宇利オーシャンタワー	https://4travel.jp/dm_shisetsu/11359078
横浜中華街	https://4travel.jp/dm_shisetsu/10603807
河口湖	https://4travel.jp/dm_shisetsu/10010436
明月院(あじさい寺)	https://4travel.jp/dm_shisetsu/10001067
旧函館区公会堂	https://4travel.jp/dm_shisetsu/10004521
知床五湖	https://4travel.jp/dm_shisetsu/10009751
箱根神社	https://4travel.jp/dm_shisetsu/10001132
出島	https://4travel.jp/dm_shisetsu/10007272
７３０交差点	https://4travel.jp/dm_shisetsu/11346779
首里金城町石畳道	https://4travel.jp/dm_shisetsu/10008187
ハートロック	https://4travel.jp/dm_shisetsu/11558310
あしかがフラワーパーク	https://4travel.jp/dm_shisetsu/10017516
建仁寺	https://4travel.jp/dm_shisetsu/10002114
猿沢池	https://4travel.jp/dm_shisetsu/10005224
KITTE (キッテ)	https://4travel.jp/dm_shisetsu/11336051
瀬長島	https://4travel.jp/dm_shisetsu/10012153
血の池地獄	https://4travel.jp/dm_shisetsu/10008621
セブンスターの木	https://4travel.jp/dm_shisetsu/10667440
オーキッド	https://4travel.jp/dm_shisetsu/10160298
ビッグバンドビート	https://4travel.jp/dm_shisetsu/11328258
金刀比羅宮	https://4travel.jp/dm_shisetsu/10002852
牧山展望台	https://4travel.jp/dm_shisetsu/10006696
道頓堀	https://4travel.jp/dm_shisetsu/10667341
千光寺	https://4travel.jp/dm_shisetsu/11290863
岡山城	https://4travel.jp/dm_shisetsu/10005386
横浜港大さん橋国際客船ターミナル	https://4travel.jp/dm_shisetsu/10004710
明石海峡大橋 (淡路島側)	https://4travel.jp/dm_shisetsu/11291005
ジャッキー ステーキハウス	https://4travel.jp/dm_shisetsu/10184517
具志堅用高モニュメント	https://4travel.jp/dm_shisetsu/11373388
あべのハルカス	https://4travel.jp/dm_shisetsu/11323404
国立西洋美術館	https://4travel.jp/dm_shisetsu/10013341
角島大橋	https://4travel.jp/dm_shisetsu/11315724
法観寺 (八坂の塔)	https://4travel.jp/dm_shisetsu/10008628
高尾山 薬王院	https://4travel.jp/dm_shisetsu/10001013
五十鈴川	https://4travel.jp/dm_shisetsu/10010770
歓会門	https://4travel.jp/dm_shisetsu/10005814
東寺 五重塔	https://4travel.jp/dm_shisetsu/11560618
池間島	https://4travel.jp/dm_shisetsu/10012260
西平安名崎	https://4travel.jp/dm_shisetsu/10012255
五稜郭公園	https://4travel.jp/dm_shisetsu/10017028
道後ハイカラ通り (道後商店街)	https://4travel.jp/dm_shisetsu/11292073
おきなわワールド	https://4travel.jp/dm_shisetsu/10033304
箱根登山電車	https://4travel.jp/dm_shisetsu/10000337
星野リゾート トマム（リゾナーレ トマム／ザ・タワー）	https://4travel.jp/dm_hotel_each-10059315.html
広島城	https://4travel.jp/dm_shisetsu/10005435
オキちゃん劇場	https://4travel.jp/dm_shisetsu/10000189
みくりが池	https://4travel.jp/dm_shisetsu/10012457
毛越寺	https://4travel.jp/dm_shisetsu/10000853
江ノ電	https://4travel.jp/dm_shisetsu/10000329
足立美術館	https://4travel.jp/dm_shisetsu/10015384
大塚国際美術館	https://4travel.jp/dm_shisetsu/10015700
米原ビーチ	https://4travel.jp/dm_shisetsu/10668788
稲佐の浜	https://4travel.jp/dm_shisetsu/10011259
不忍池	https://4travel.jp/dm_shisetsu/10009801
靖国神社	https://4travel.jp/dm_shisetsu/10000901
白ひげの滝	https://4travel.jp/dm_shisetsu/11294942
宍道湖	https://4travel.jp/dm_shisetsu/10011218
青函連絡船メモリアルシップ八甲田丸	https://4travel.jp/dm_shisetsu/10013086
東京ドーム	https://4travel.jp/dm_shisetsu/10667095
竹富島の町並み	https://4travel.jp/dm_shisetsu/11321958
国宝犬山城	https://4travel.jp/dm_shisetsu/10005027
南禅寺 水路閣	https://4travel.jp/dm_shisetsu/10008466
坊っちゃんカラクリ時計	https://4travel.jp/dm_shisetsu/11327067
仁和寺	https://4travel.jp/dm_shisetsu/10002243
宝珠山立石寺	https://4travel.jp/dm_shisetsu/10003538
函館山展望台	https://4travel.jp/dm_shisetsu/10008346
中の島海岸 (カヤッファ)	https://4travel.jp/dm_shisetsu/11292111
嚴島神社 大鳥居	https://4travel.jp/dm_shisetsu/11607473
富岡製糸場	https://4travel.jp/dm_shisetsu/10008512
マイルドセブンの丘	https://4travel.jp/dm_shisetsu/10009602
来間島	https://4travel.jp/dm_shisetsu/10012259
パイナガマ	https://4travel.jp/dm_shisetsu/10031887
和田家	https://4travel.jp/dm_shisetsu/10005041
ホテルブリーズベイマリーナ ＜宮古島＞	https://4travel.jp/dm_hotel_each-10039045.html
メディテレーニアンハーバー	https://4travel.jp/dm_shisetsu/11358574
京都鉄道博物館	https://4travel.jp/dm_shisetsu/10015002
ハウステンボス	https://4travel.jp/dm_shisetsu/10033200
横浜ランドマークタワー	https://4travel.jp/dm_shisetsu/10004698
諏訪湖	https://4travel.jp/dm_shisetsu/10010350
竹富島の集落	https://4travel.jp/dm_shisetsu/10005876
祖谷のかずら橋	https://4travel.jp/dm_shisetsu/11187615
元離宮二条城	https://4travel.jp/dm_shisetsu/10005191
平和公園	https://4travel.jp/dm_shisetsu/10018798
岡山後楽園	https://4travel.jp/dm_shisetsu/10018451
道後温泉椿の湯	https://4travel.jp/dm_shisetsu/11288467
北野天満宮(天神さん)	https://4travel.jp/dm_shisetsu/10002046
野宮神社	https://4travel.jp/dm_shisetsu/10002231
北陸新幹線	https://4travel.jp/dm_shisetsu/11374969
かまど地獄	https://4travel.jp/dm_shisetsu/10008615
平和記念公園	https://4travel.jp/dm_shisetsu/10018493
金剛峯寺	https://4travel.jp/dm_shisetsu/10002491
忍野八海	https://4travel.jp/dm_shisetsu/10010451
東海道新幹線	https://4travel.jp/dm_shisetsu/11354482
竹瓦温泉	https://4travel.jp/dm_shisetsu/10603350
興福寺 南円堂	https://4travel.jp/dm_shisetsu/10003735
カトリック元町教会	https://4travel.jp/dm_shisetsu/10004294
端島	https://4travel.jp/dm_shisetsu/11292805
宮島桟橋	https://4travel.jp/dm_shisetsu/11329811
鴨川	https://4travel.jp/dm_shisetsu/10010888
龍安寺	https://4travel.jp/dm_shisetsu/10002232
知念岬公園	https://4travel.jp/dm_shisetsu/10008215
東寺(教王護国寺)	https://4travel.jp/dm_shisetsu/10002021
酸ヶ湯温泉	https://4travel.jp/dm_shisetsu/10030901
ANAインターコンチネンタル万座ビーチリゾート	https://4travel.jp/dm_hotel_each-10053573.html
仲見世通り	https://4travel.jp/dm_shisetsu/10007894
座喜味城跡	https://4travel.jp/dm_shisetsu/10008144
曹洞宗大本山永平寺	https://4travel.jp/dm_shisetsu/10003216
星野リゾート 奥入瀬渓流ホテル	https://4travel.jp/dm_hotel_each-10056249.html
高松港	https://4travel.jp/dm_shisetsu/11322384
湯滝	https://4travel.jp/dm_shisetsu/10010022
鎌倉 小町通り	https://4travel.jp/dm_shisetsu/10603805
米原のヤエヤマヤシ群落	https://4travel.jp/dm_shisetsu/10669021
唐戸市場(活きいき馬関街)	https://4travel.jp/dm_shisetsu/11315780
宮島	https://4travel.jp/dm_shisetsu/10034091
豊国神社(千畳閣)	https://4travel.jp/dm_shisetsu/10005447
辺戸岬	https://4travel.jp/dm_shisetsu/10012246
永観堂(禅林寺)	https://4travel.jp/dm_shisetsu/10002165
呉市海事歴史科学館(大和ミュージアム)	https://4travel.jp/dm_shisetsu/10015568
高野山奥の院	https://4travel.jp/dm_shisetsu/10002489
高山の古い町並み	https://4travel.jp/dm_shisetsu/11286758
東北新幹線	https://4travel.jp/dm_shisetsu/11293305
道の駅 かでな	https://4travel.jp/dm_shisetsu/10019356
元乃隅神社 (もとのすみじんじゃ)	https://4travel.jp/dm_shisetsu/11340894
湯ノ湖	https://4travel.jp/dm_shisetsu/10010024
高山陣屋	https://4travel.jp/dm_shisetsu/10005045
EXPASA海老名 下り	https://4travel.jp/dm_shisetsu/10666350
ザ ブセナテラス	https://4travel.jp/dm_hotel_each-10053588.html
大観峰	https://4travel.jp/dm_shisetsu/10011876
六本木ヒルズ	https://4travel.jp/dm_shisetsu/10603784
オランダ坂	https://4travel.jp/dm_shisetsu/10667356
松山城山東雲登山口～長者ヶ平ロープウェイ	https://4travel.jp/dm_shisetsu/11289483
博物館網走監獄	https://4travel.jp/dm_shisetsu/10004584
北防波堤ドーム	https://4travel.jp/dm_shisetsu/10007834
黒部平	https://4travel.jp/dm_shisetsu/10012454
賀茂別雷神社(上賀茂神社)	https://4travel.jp/dm_shisetsu/10002051
仙巌園(磯庭園)	https://4travel.jp/dm_shisetsu/10018942
京都御所	https://4travel.jp/dm_shisetsu/10006699
銚子大滝	https://4travel.jp/dm_shisetsu/10009488
ノシャップ岬	https://4travel.jp/dm_shisetsu/10009703
玉陵	https://4travel.jp/dm_shisetsu/10005828
阿寒湖	https://4travel.jp/dm_shisetsu/10009638
シンデレラ城	https://4travel.jp/dm_shisetsu/11614485
阿波連ビーチ	https://4travel.jp/dm_shisetsu/10031880
函館山ロープウェイ	https://4travel.jp/dm_shisetsu/10000254
伏見稲荷大社 千本鳥居	https://4travel.jp/dm_shisetsu/11555221
雪塩製塩所	https://4travel.jp/dm_shisetsu/10711130
出雲大社 神楽殿	https://4travel.jp/dm_shisetsu/11331941
洞爺湖	https://4travel.jp/dm_shisetsu/10009575
楽園の果実	https://4travel.jp/dm_shisetsu/10200320
龍巻地獄	https://4travel.jp/dm_shisetsu/10008622
ねぶたの家 ワ ラッセ	https://4travel.jp/dm_shisetsu/11555149
北海道神宮	https://4travel.jp/dm_shisetsu/10000885
南京町	https://4travel.jp/dm_shisetsu/10667454
白池地獄	https://4travel.jp/dm_shisetsu/10008618
横浜ベイブリッジ	https://4travel.jp/dm_shisetsu/10004704
関門橋	https://4travel.jp/dm_shisetsu/11315723
札幌ドーム	https://4travel.jp/dm_shisetsu/10667447
明治神宮	https://4travel.jp/dm_shisetsu/10000964
高尾山ケーブルカー	https://4travel.jp/dm_shisetsu/11340478
袋田の滝	https://4travel.jp/dm_shisetsu/10009989
ミルミル本舗 本店	https://4travel.jp/dm_shisetsu/11284620
弘前公園	https://4travel.jp/dm_shisetsu/10008892
神威岬	https://4travel.jp/dm_shisetsu/10009562
長町武家屋敷跡	https://4travel.jp/dm_shisetsu/10006779
美女平	https://4travel.jp/dm_shisetsu/10012452
白糸の滝	https://4travel.jp/dm_shisetsu/10010310
建長寺	https://4travel.jp/dm_shisetsu/10001065
鬼石坊主地獄	https://4travel.jp/dm_shisetsu/10008616
中城城跡	https://4travel.jp/dm_shisetsu/10005795
三千院	https://4travel.jp/dm_shisetsu/10002014
旧手宮線跡	https://4travel.jp/dm_shisetsu/10007215
琉球温泉 瀬長島ホテル	https://4travel.jp/dm_hotel_each-11293446.html
横川サービスエリア	https://4travel.jp/dm_shisetsu/10666354
成田山新勝寺	https://4travel.jp/dm_shisetsu/10001160
田沢湖	https://4travel.jp/dm_shisetsu/10009284
妻籠宿	https://4travel.jp/dm_shisetsu/10004951
東京ディズニーシー ホテルミラコスタ（R）	https://4travel.jp/dm_hotel_each-10035365.html
神戸ポートタワー	https://4travel.jp/dm_shisetsu/10005280
南禅寺 三門	https://4travel.jp/dm_shisetsu/11377103
丸吉食堂	https://4travel.jp/dm_shisetsu/10193384
三嶋大社	https://4travel.jp/dm_shisetsu/10001554
増上寺	https://4travel.jp/dm_shisetsu/10000909
大観峰_2	https://4travel.jp/dm_shisetsu/10008791
地獄谷	https://4travel.jp/dm_shisetsu/10009585
支笏湖	https://4travel.jp/dm_shisetsu/10009597
夫婦岩	https://4travel.jp/dm_shisetsu/10010801
上田城跡	https://4travel.jp/dm_shisetsu/10007377
吹割渓谷 吹割の滝	https://4travel.jp/dm_shisetsu/10010203
三年坂 (産寧坂)	https://4travel.jp/dm_shisetsu/10006739
貴船神社	https://4travel.jp/dm_shisetsu/10002008
円山公園	https://4travel.jp/dm_shisetsu/10018178
山中湖	https://4travel.jp/dm_shisetsu/10010449
徳島県立渦の道	https://4travel.jp/dm_shisetsu/10011502
長間浜海岸	https://4travel.jp/dm_shisetsu/10668980
スターバックス コーヒー 太宰府天満宮表参道店	https://4travel.jp/dm_shisetsu/10862340
大鳴門橋 (徳島県鳴門市側)	https://4travel.jp/dm_shisetsu/11316456
銀閣寺(慈照寺)	https://4travel.jp/dm_shisetsu/10002154
東京都美術館	https://4travel.jp/dm_shisetsu/10013345
荻町城跡展望台	https://4travel.jp/dm_shisetsu/10008341
知恩院	https://4travel.jp/dm_shisetsu/10002103
氷川丸	https://4travel.jp/dm_shisetsu/10004716
ラビスタ函館ベイ	https://4travel.jp/dm_hotel_each-10218601.html
あやまる岬	https://4travel.jp/dm_shisetsu/10012114
国立科学博物館	https://4travel.jp/dm_shisetsu/10013340
ヴィクトリア	https://4travel.jp/dm_shisetsu/10136708
道の駅 伊東マリンタウン	https://4travel.jp/dm_shisetsu/10019776
鬼山地獄	https://4travel.jp/dm_shisetsu/10008617
ニライビーチ	https://4travel.jp/dm_shisetsu/11291531
東京ビッグサイト (東京国際展示場)	https://4travel.jp/dm_shisetsu/11289841
三十三間堂(蓮華王院)	https://4travel.jp/dm_shisetsu/10002095
秩父神社	https://4travel.jp/dm_shisetsu/10001362
東慶寺	https://4travel.jp/dm_shisetsu/10001068
昇仙峡	https://4travel.jp/dm_shisetsu/10010425
長瀞岩畳	https://4travel.jp/dm_shisetsu/10010104
大原港 (仲間港)	https://4travel.jp/dm_shisetsu/11290008
安栄観光	https://4travel.jp/dm_shisetsu/10000741
塔のへつり	https://4travel.jp/dm_shisetsu/10012693
日光山輪王寺 三仏堂	https://4travel.jp/dm_shisetsu/10001274
浦上天主堂	https://4travel.jp/dm_shisetsu/10003106
金沢城石川門	https://4travel.jp/dm_shisetsu/10007576
時の鐘	https://4travel.jp/dm_shisetsu/10007607
二見興玉神社	https://4travel.jp/dm_shisetsu/10004235
馬籠宿	https://4travel.jp/dm_shisetsu/11291008
栗林公園	https://4travel.jp/dm_shisetsu/10018558
キャナルシティ博多	https://4travel.jp/dm_shisetsu/10033256
雲井の滝	https://4travel.jp/dm_shisetsu/10009479
三保松原	https://4travel.jp/dm_shisetsu/10010607
東京ミッドタウン	https://4travel.jp/dm_shisetsu/10603787
大王わさび農場	https://4travel.jp/dm_shisetsu/11187725
男体山	https://4travel.jp/dm_shisetsu/10010017
白米千枚田	https://4travel.jp/dm_shisetsu/10012436
知床峠	https://4travel.jp/dm_shisetsu/10009745
イオンモール (沖縄ライカム)	https://4travel.jp/dm_shisetsu/11378858
いろは坂	https://4travel.jp/dm_shisetsu/10034296
犬吠埼灯台	https://4travel.jp/dm_shisetsu/10008117
西の河原公園	https://4travel.jp/dm_shisetsu/10017633
箱館奉行所	https://4travel.jp/dm_shisetsu/11288679
薬師寺	https://4travel.jp/dm_shisetsu/10662937
丸亀城	https://4travel.jp/dm_shisetsu/10006607
富士山本宮浅間大社	https://4travel.jp/dm_shisetsu/10001575
はいむるぶし	https://4travel.jp/dm_hotel_each-10039060.html
ハルニレテラス	https://4travel.jp/dm_shisetsu/11291506
猿田彦神社	https://4travel.jp/dm_shisetsu/10001767
白糸の滝_2	https://4travel.jp/dm_shisetsu/10010587
淡路サービスエリア	https://4travel.jp/dm_shisetsu/10666394
大原美術館	https://4travel.jp/dm_shisetsu/10015474
花見小路	https://4travel.jp/dm_shisetsu/10006733
千畳敷海岸	https://4travel.jp/dm_shisetsu/10009517
ジェットコースターの路	https://4travel.jp/dm_shisetsu/10009612
波照間港	https://4travel.jp/dm_shisetsu/11340292
新宿御苑	https://4travel.jp/dm_shisetsu/10017186
伊香保神社	https://4travel.jp/dm_shisetsu/10001414
琉球の風 南風屋台村	https://4travel.jp/dm_shisetsu/10710350
名古屋テレビ塔	https://4travel.jp/dm_shisetsu/10005014
江の島	https://4travel.jp/dm_shisetsu/10009892
六花亭 帯広本店	https://4travel.jp/dm_shisetsu/10202295
金峯山寺蔵王堂(国宝)	https://4travel.jp/dm_shisetsu/10002447
千光寺公園	https://4travel.jp/dm_shisetsu/10018478
納沙布岬	https://4travel.jp/dm_shisetsu/10009664
小浜港	https://4travel.jp/dm_shisetsu/11330914
宇治上神社	https://4travel.jp/dm_shisetsu/10002202
扇沢	https://4travel.jp/dm_shisetsu/10010370
名古屋城 本丸御殿	https://4travel.jp/dm_shisetsu/11350851
白谷雲水峡	https://4travel.jp/dm_shisetsu/10012068
谷川岳	https://4travel.jp/dm_shisetsu/10010237
武田神社	https://4travel.jp/dm_shisetsu/10001505
北西の丘展望公園	https://4travel.jp/dm_shisetsu/10017077
伊佐爾波神社	https://4travel.jp/dm_shisetsu/10002945
POWER LOUNGE SOUTH (第1旅客ターミナル2F 南ウィング)	https://4travel.jp/dm_shisetsu/10741546
金沢城公園 玉泉院丸庭園	https://4travel.jp/dm_shisetsu/10007577
国立新美術館	https://4travel.jp/dm_shisetsu/10603789
六義園	https://4travel.jp/dm_shisetsu/10017143
千光寺山ロープウェイ	https://4travel.jp/dm_shisetsu/10000603
国営昭和記念公園	https://4travel.jp/dm_shisetsu/10017202
エクシブ箱根離宮	https://4travel.jp/dm_hotel_each-11287692.html
浄智寺	https://4travel.jp/dm_shisetsu/10001064
常寂光寺	https://4travel.jp/dm_shisetsu/10002260
北海道大学	https://4travel.jp/dm_shisetsu/11289702
さざえ堂	https://4travel.jp/dm_shisetsu/10003426
天橋立	https://4travel.jp/dm_shisetsu/10010913
新穂高ロープウェイ	https://4travel.jp/dm_shisetsu/10000477
原爆の子の像	https://4travel.jp/dm_shisetsu/10006895
双葉サービスエリア	https://4travel.jp/dm_shisetsu/10666374
トイ・ストーリー・マニア！	https://4travel.jp/dm_shisetsu/11342871
風見鶏の館	https://4travel.jp/dm_shisetsu/10005265
石垣島鍾乳洞	https://4travel.jp/dm_shisetsu/10012275
長谷寺	https://4travel.jp/dm_shisetsu/10002371
内宮 荒祭宮	https://4travel.jp/dm_shisetsu/10003982
西郷隆盛銅像	https://4travel.jp/dm_shisetsu/10007194
瑞泉門	https://4travel.jp/dm_shisetsu/10005823
エメラルドビーチ	https://4travel.jp/dm_shisetsu/10031871
あたらす市場	https://4travel.jp/dm_shisetsu/10668945
伊良部・下地島	https://4travel.jp/dm_shisetsu/10012262
生田神社	https://4travel.jp/dm_shisetsu/10002521
富岩運河環水公園	https://4travel.jp/dm_shisetsu/10019095
親子の木	https://4travel.jp/dm_shisetsu/10667452
奈良国立博物館	https://4travel.jp/dm_shisetsu/10015106
旧社地 (大斎原)	https://4travel.jp/dm_shisetsu/10006810
稲佐山展望台	https://4travel.jp/dm_shisetsu/11340580
唐招提寺	https://4travel.jp/dm_shisetsu/10002331
橋杭岩	https://4travel.jp/dm_shisetsu/10011038
門司港レトロ地区	https://4travel.jp/dm_shisetsu/10005568
沖縄県営平和祈念公園	https://4travel.jp/dm_shisetsu/10018968
とうふの比嘉	https://4travel.jp/dm_shisetsu/10706781
おきなわワールド文化王国 玉泉洞	https://4travel.jp/dm_shisetsu/10709069
渡嘉敷島	https://4travel.jp/dm_shisetsu/10012177
海上自衛隊呉史料館(てつのくじら館)	https://4travel.jp/dm_shisetsu/11287640
フジテレビ本社ビル	https://4travel.jp/dm_shisetsu/10006177
千鳥ケ淵	https://4travel.jp/dm_shisetsu/10009181
竹芝桟橋	https://4travel.jp/dm_shisetsu/10667152
神の子池	https://4travel.jp/dm_shisetsu/10009752
新世界	https://4travel.jp/dm_shisetsu/10005144
ニライ橋 カナイ橋	https://4travel.jp/dm_shisetsu/11293374
竹田城跡	https://4travel.jp/dm_shisetsu/10007905
高那崎・日本最南端の碑	https://4travel.jp/dm_shisetsu/10012308
鳥取砂丘砂の美術館	https://4travel.jp/dm_shisetsu/11289015
四万温泉 積善館	https://4travel.jp/dm_hotel_each-10035881.html
小田急ロマンスカー	https://4travel.jp/dm_shisetsu/11293238
箱根湯本温泉 湯本富士屋ホテル	https://4travel.jp/dm_hotel_each-10042060.html
旧門司三井倶楽部	https://4travel.jp/dm_shisetsu/10005567
日本銀行旧小樽支店金融資料館	https://4travel.jp/dm_shisetsu/10004539
丸の内ビルディング	https://4travel.jp/dm_shisetsu/10667466
室堂平	https://4travel.jp/dm_shisetsu/10012467
なわて通り	https://4travel.jp/dm_shisetsu/10668104
真栄田岬	https://4travel.jp/dm_shisetsu/10031864
江島大橋	https://4travel.jp/dm_shisetsu/11313758
石舞台古墳	https://4travel.jp/dm_shisetsu/10008703
古座間味ビーチ	https://4travel.jp/dm_shisetsu/10668983
岩木山(津軽富士)	https://4travel.jp/dm_shisetsu/10009499
根本大塔	https://4travel.jp/dm_shisetsu/11324554
京阪バス (大津エリア)	https://4travel.jp/dm_shisetsu/11560058
田代池	https://4travel.jp/dm_shisetsu/10010338
やちむんの里	https://4travel.jp/dm_shisetsu/10668959
インクライン	https://4travel.jp/dm_shisetsu/10008465
修禅寺	https://4travel.jp/dm_shisetsu/10001540
御霊神社	https://4travel.jp/dm_shisetsu/10001112
旧軽井沢銀座	https://4travel.jp/dm_shisetsu/11325767
北口本宮冨士浅間神社	https://4travel.jp/dm_shisetsu/10001518
高岡大仏	https://4travel.jp/dm_shisetsu/10004113
アメヤ横丁問屋街 (アメ横)	https://4travel.jp/dm_shisetsu/10004647
大谷資料館	https://4travel.jp/dm_shisetsu/10013768
古宇利ビーチ	https://4travel.jp/dm_shisetsu/11327436
オクマ プライベートビーチ &amp; リゾート	https://4travel.jp/dm_hotel_each-10053603.html
隅田川	https://4travel.jp/dm_shisetsu/11322750
秋芳洞	https://4travel.jp/dm_shisetsu/10011399
銭洗弁財天宇賀福神社	https://4travel.jp/dm_shisetsu/10001111
千畳敷	https://4travel.jp/dm_shisetsu/10011025
白い恋人パーク 	https://4travel.jp/dm_shisetsu/10013179
明石食堂	https://4travel.jp/dm_shisetsu/10170765
浄蓮の滝	https://4travel.jp/dm_shisetsu/10010512
オキナワ マリオット リゾート ＆ スパ	https://4travel.jp/dm_hotel_each-10053457.html
主計町茶屋街	https://4travel.jp/dm_shisetsu/10006774
乙女の像	https://4travel.jp/dm_shisetsu/10007251
九重“夢大吊橋	https://4travel.jp/dm_shisetsu/10603790
ラッキーピエロ ベイエリア本店	https://4travel.jp/dm_shisetsu/10200260
道の駅 八ッ場ふるさと館	https://4travel.jp/dm_shisetsu/11341693
円山動物園	https://4travel.jp/dm_shisetsu/10000011
十二湖	https://4travel.jp/dm_shisetsu/10009513
イッツ・ア・スモールワールド	https://4travel.jp/dm_shisetsu/11328041
法隆寺	https://4travel.jp/dm_shisetsu/10002402
八重垣神社	https://4travel.jp/dm_shisetsu/10002665
函館聖ヨハネ教会	https://4travel.jp/dm_shisetsu/10004293
明神池	https://4travel.jp/dm_shisetsu/10010336
御殿場プレミアム アウトレット	https://4travel.jp/dm_shisetsu/10667468
乳頭温泉郷 秘湯 鶴の湯温泉	https://4travel.jp/dm_hotel_each-10056214.html
和歌山城	https://4travel.jp/dm_shisetsu/10005246
東武ワールドスクウェア	https://4travel.jp/dm_shisetsu/10033233
上高地バスターミナル	https://4travel.jp/dm_shisetsu/11559260
青函連絡船記念館 摩周丸	https://4travel.jp/dm_shisetsu/10013120
ナゴパイナップルパーク	https://4travel.jp/dm_shisetsu/10018986
今治城	https://4travel.jp/dm_shisetsu/10005544
内宮 正宮	https://4travel.jp/dm_shisetsu/10003980
ポーたま 牧志市場店	https://4travel.jp/dm_shisetsu/11554471
ぜるぶの丘	https://4travel.jp/dm_shisetsu/10004561
幣舞橋	https://4travel.jp/dm_shisetsu/10006799
フナウサギバナタ	https://4travel.jp/dm_shisetsu/10012253
史跡高松城跡(玉藻公園)	https://4travel.jp/dm_shisetsu/10018557
香深港フェリーターミナル	https://4travel.jp/dm_shisetsu/11351052
小樽洋菓子舗ルタオ 本店	https://4travel.jp/dm_shisetsu/10202757
諏訪大社下社秋宮	https://4travel.jp/dm_shisetsu/10001471
菅沼合掌造り集落	https://4travel.jp/dm_shisetsu/10008228
ほったらかし温泉	https://4travel.jp/dm_shisetsu/10603008
旧グラバー住宅	https://4travel.jp/dm_shisetsu/10006154
河津桜	https://4travel.jp/dm_shisetsu/10008960
坊っちゃん列車 (伊予鉄道)	https://4travel.jp/dm_shisetsu/10000651
長崎原爆資料館	https://4travel.jp/dm_shisetsu/10015996
別府タワー	https://4travel.jp/dm_shisetsu/10008013
琉球村	https://4travel.jp/dm_shisetsu/10033303
星砂の浜 （西表島）	https://4travel.jp/dm_shisetsu/11291376
原爆死没者慰霊碑 (広島平和都市記念碑)	https://4travel.jp/dm_shisetsu/10006893
道後公園 (湯築城跡)	https://4travel.jp/dm_shisetsu/10008109
松陰神社	https://4travel.jp/dm_shisetsu/10002816
屈斜路湖	https://4travel.jp/dm_shisetsu/10009683
偕楽園	https://4travel.jp/dm_shisetsu/10006891
戸隠神社奥社	https://4travel.jp/dm_shisetsu/10001432
壇上伽藍	https://4travel.jp/dm_shisetsu/10002486
五稜郭跡	https://4travel.jp/dm_shisetsu/10604145
法隆寺 五重塔	https://4travel.jp/dm_shisetsu/11347982
四条大橋	https://4travel.jp/dm_shisetsu/10006731
アートホテル石垣島	https://4travel.jp/dm_hotel_each-10053658.html
河津桜まつり	https://4travel.jp/dm_shisetsu/11328819
築地場外市場	https://4travel.jp/dm_shisetsu/11329730
寛永寺清水観音堂	https://4travel.jp/dm_shisetsu/11291287
三段壁	https://4travel.jp/dm_shisetsu/10011023
二年坂	https://4travel.jp/dm_shisetsu/10667445
フサキビーチリゾート ホテル＆ヴィラズ	https://4travel.jp/dm_hotel_each-10039054.html
残波岬灯台	https://4travel.jp/dm_shisetsu/10031876
千畳敷カール	https://4travel.jp/dm_shisetsu/10010391
リザンシーパークホテル谷茶ベイ	https://4travel.jp/dm_hotel_each-10053564.html
旭岳ロープウェイ	https://4travel.jp/dm_shisetsu/10000266
大室山	https://4travel.jp/dm_shisetsu/10010543
なんばグランド花月	https://4travel.jp/dm_shisetsu/10667334
カムイワッカ湯の滝	https://4travel.jp/dm_shisetsu/10009749
興福寺東金堂	https://4travel.jp/dm_shisetsu/10003738
旧開智学校校舎	https://4travel.jp/dm_shisetsu/10004928
吉野海岸	https://4travel.jp/dm_shisetsu/10666608
高千穂峡	https://4travel.jp/dm_shisetsu/10011977
大阪城公園	https://4travel.jp/dm_shisetsu/10018095
川平公園	https://4travel.jp/dm_shisetsu/10007558
イーフビーチ	https://4travel.jp/dm_shisetsu/10668982
A＆W 石垣店	https://4travel.jp/dm_shisetsu/10176555
大間崎	https://4travel.jp/dm_shisetsu/10009541
竹林の小径	https://4travel.jp/dm_shisetsu/10017786
にし茶屋街	https://4travel.jp/dm_shisetsu/10006776
砂むし会館「砂楽」	https://4travel.jp/dm_shisetsu/11288359
座間味港	https://4travel.jp/dm_shisetsu/11330913
羽生パーキングエリア (上り線)	https://4travel.jp/dm_shisetsu/10667276
日御碕神社	https://4travel.jp/dm_shisetsu/10002697
箱根海賊船	https://4travel.jp/dm_shisetsu/10000341
大阪市中央公会堂	https://4travel.jp/dm_shisetsu/10005111
大倉山ジャンプ競技場	https://4travel.jp/dm_shisetsu/10004558
苫小牧西港フェリーターミナル	https://4travel.jp/dm_shisetsu/11292815
奉神門	https://4travel.jp/dm_shisetsu/10005813
唐津城 (舞鶴公園)	https://4travel.jp/dm_shisetsu/10005637
阿修羅の流れ	https://4travel.jp/dm_shisetsu/10009486
熊野古道 大門坂	https://4travel.jp/dm_shisetsu/10008185
築地本願寺	https://4travel.jp/dm_shisetsu/10000903
大山阿夫利神社	https://4travel.jp/dm_shisetsu/10001144
釧路和商市場	https://4travel.jp/dm_shisetsu/10191788
雲場池	https://4travel.jp/dm_shisetsu/10010307
鹿島神宮	https://4travel.jp/dm_shisetsu/10001254
熱乃湯	https://4travel.jp/dm_shisetsu/11291318
岸権旅館	https://4travel.jp/dm_hotel_each-10043571.html
四柱神社	https://4travel.jp/dm_shisetsu/10003879
奥武島の畳石	https://4travel.jp/dm_shisetsu/10012168
倉敷アイビースクエア	https://4travel.jp/dm_hotel_each-10051038.html
磐梯山	https://4travel.jp/dm_shisetsu/10603828
青森魚菜センター 本店	https://4travel.jp/dm_shisetsu/10925272
青森県観光物産館アスパム	https://4travel.jp/dm_shisetsu/10004485
三島スカイウォーク	https://4travel.jp/dm_shisetsu/11560281
黒部湖	https://4travel.jp/dm_shisetsu/10012455
開聞岳	https://4travel.jp/dm_shisetsu/10012044
榛名湖	https://4travel.jp/dm_shisetsu/10010115
若草山	https://4travel.jp/dm_shisetsu/10010936
箱根ガラスの森美術館	https://4travel.jp/dm_shisetsu/10013593
青蓮院門跡	https://4travel.jp/dm_shisetsu/10002096
瀬底大橋	https://4travel.jp/dm_shisetsu/11338402
興福寺 中金堂	https://4travel.jp/dm_shisetsu/11352519
大鳴門橋 (兵庫県南あわじ市側)	https://4travel.jp/dm_shisetsu/11291004
成田山新勝寺総門	https://4travel.jp/dm_shisetsu/11346315
ナゴヤドーム	https://4travel.jp/dm_shisetsu/11288973
与島パーキングエリア	https://4travel.jp/dm_shisetsu/10666397
東京湾アクアライン	https://4travel.jp/dm_shisetsu/10006188
大須観音(寶生院)	https://4travel.jp/dm_shisetsu/10001656
そば処 竹の子	https://4travel.jp/dm_shisetsu/10210213
諏訪大社上社本宮	https://4travel.jp/dm_shisetsu/10004003
来島海峡大橋	https://4travel.jp/dm_shisetsu/11354988
立山 (立山連峰)	https://4travel.jp/dm_shisetsu/10603845
釧路市湿原展望台	https://4travel.jp/dm_shisetsu/10004571
妙立寺(通称 忍者寺)	https://4travel.jp/dm_shisetsu/10003295
谷川岳ロープウェイ	https://4travel.jp/dm_shisetsu/10000405
利尻山(利尻富士)	https://4travel.jp/dm_shisetsu/10009708
北九州市旧門司税関	https://4travel.jp/dm_shisetsu/10005569
宝登山神社	https://4travel.jp/dm_shisetsu/10001383
オロンコ岩	https://4travel.jp/dm_shisetsu/10009743
円月島	https://4travel.jp/dm_shisetsu/10011029
桜島フェリー(鹿児島市船舶局)	https://4travel.jp/dm_shisetsu/11288119
雪塩ミュージアム	https://4travel.jp/dm_shisetsu/10666607
熱海サンビーチ	https://4travel.jp/dm_shisetsu/10032162
本栖湖	https://4travel.jp/dm_shisetsu/10010498
ハテの浜	https://4travel.jp/dm_shisetsu/10667358
JR東海道本線	https://4travel.jp/dm_shisetsu/11602546
二重橋	https://4travel.jp/dm_shisetsu/10006918
好古園	https://4travel.jp/dm_shisetsu/10005305
美ぎ島雑貨がじゅまる &amp; 琉球ザッカ青空 &amp; AOSORAパーラー	https://4travel.jp/dm_shisetsu/11336932
ナナちゃん人形	https://4travel.jp/dm_shisetsu/11323574
沖縄かりゆしビーチリゾート オーシャンスパ	https://4travel.jp/dm_hotel_each-10053554.html
タワー・オブ・テラー	https://4travel.jp/dm_shisetsu/11328082
金刀比羅宮 御本宮	https://4travel.jp/dm_shisetsu/11350298
竹富観光センター	https://4travel.jp/dm_shisetsu/11328644
善光寺 仁王門	https://4travel.jp/dm_shisetsu/11355789
天に続く道	https://4travel.jp/dm_shisetsu/11372276
シュガーロード	https://4travel.jp/dm_shisetsu/11293567
みくりが池温泉	https://4travel.jp/dm_hotel_each-10039208.html
阿嘉島	https://4travel.jp/dm_shisetsu/10012174
大街道停留場	https://4travel.jp/dm_shisetsu/10020654
鞍馬寺	https://4travel.jp/dm_shisetsu/10002006
鴛泊港	https://4travel.jp/dm_shisetsu/11291959
東大寺法華堂(三月堂)	https://4travel.jp/dm_shisetsu/10004204
日光二荒山神社中宮祠	https://4travel.jp/dm_shisetsu/10001278
九州国立博物館	https://4travel.jp/dm_shisetsu/10015875
毘沙門沼	https://4travel.jp/dm_shisetsu/10012622
浜比嘉島	https://4travel.jp/dm_shisetsu/10012205
エンジェルロード	https://4travel.jp/dm_shisetsu/11316890
メリケンパーク	https://4travel.jp/dm_shisetsu/10018278
立山黒部アルペンルート立山ケーブルカー	https://4travel.jp/dm_shisetsu/11288977
富士山5合目	https://4travel.jp/dm_shisetsu/10010442
神田神社(神田明神)	https://4travel.jp/dm_shisetsu/10666684
上野東照宮	https://4travel.jp/dm_shisetsu/10003958
浅草サンバカーニバル	https://4travel.jp/dm_shisetsu/11288777
ヨコハマ グランド インターコンチネンタル ホテル 	https://4travel.jp/dm_hotel_each-10041906.html
POWER LOUNGE NORTH (第1旅客ターミナル2F 北ウイング)	https://4travel.jp/dm_shisetsu/10114788
みなとみらい21	https://4travel.jp/dm_shisetsu/10006215
足摺岬	https://4travel.jp/dm_shisetsu/10011568
かにふ	https://4travel.jp/dm_shisetsu/10710264
尾道・猫の細道	https://4travel.jp/dm_shisetsu/11293169
座間味島	https://4travel.jp/dm_shisetsu/10012175
鎌倉宮	https://4travel.jp/dm_shisetsu/10001077
韮山反射炉	https://4travel.jp/dm_shisetsu/10004973
西郷隆盛像	https://4travel.jp/dm_shisetsu/10004649
海美来	https://4travel.jp/dm_shisetsu/10668936
トラピスチヌ修道院	https://4travel.jp/dm_shisetsu/10004524
エクスパーサ足柄 (下り線)	https://4travel.jp/dm_shisetsu/10666377
グランヴィリオリゾート石垣島オーシャンズウイング	https://4travel.jp/dm_hotel_each-10218323.html
ガンガラーの谷 ケイブカフェ	https://4travel.jp/dm_shisetsu/10711205
称名滝	https://4travel.jp/dm_shisetsu/10012459
一の湯	https://4travel.jp/dm_shisetsu/11293100
日光山輪王寺	https://4travel.jp/dm_shisetsu/11347824
桜島	https://4travel.jp/dm_shisetsu/10012046
坂本龍馬銅像	https://4travel.jp/dm_shisetsu/10006948
道後温泉別館 飛鳥乃湯泉	https://4travel.jp/dm_shisetsu/11744516
快速エアポート	https://4travel.jp/dm_shisetsu/11287667
阿寒湖アイヌコタン	https://4travel.jp/dm_shisetsu/10006224
ラウンジ華	https://4travel.jp/dm_shisetsu/10712102
さっぽろ羊ヶ丘展望台	https://4travel.jp/dm_shisetsu/10004556
エメラルドの海を見る展望台	https://4travel.jp/dm_shisetsu/11349780
土盛海岸	https://4travel.jp/dm_shisetsu/10012111
多賀宮	https://4travel.jp/dm_shisetsu/10003993
ファーマーズ マーケット ゆらてぃく市場	https://4travel.jp/dm_shisetsu/11290288
多々羅大橋	https://4travel.jp/dm_shisetsu/11325424
赤間神宮	https://4travel.jp/dm_shisetsu/10002794
伊根の舟屋	https://4travel.jp/dm_shisetsu/10006279
細岡展望台	https://4travel.jp/dm_shisetsu/10007039
松下村塾	https://4travel.jp/dm_shisetsu/10007323
港の見える丘公園 (展望台地区)	https://4travel.jp/dm_shisetsu/11347125
箱根関所	https://4travel.jp/dm_shisetsu/10008378
戸隠神社中社	https://4travel.jp/dm_shisetsu/10001431
大沼国定公園	https://4travel.jp/dm_shisetsu/10017035
大神島	https://4travel.jp/dm_shisetsu/10012254
輪島の朝市	https://4travel.jp/dm_shisetsu/10008798
平湯バスターミナル	https://4travel.jp/dm_shisetsu/10005054
恐山	https://4travel.jp/dm_shisetsu/10009497
碓氷第三橋梁(めがね橋)	https://4travel.jp/dm_shisetsu/11293270
宝厳院	https://4travel.jp/dm_shisetsu/10002256
金の湯	https://4travel.jp/dm_shisetsu/11288317
河合神社	https://4travel.jp/dm_shisetsu/11291303
京都御苑	https://4travel.jp/dm_shisetsu/10018174
山寺 五大堂	https://4travel.jp/dm_shisetsu/11342149
宮古島海中公園	https://4travel.jp/dm_shisetsu/11290315
唐人墓	https://4travel.jp/dm_shisetsu/10007556
智恩寺	https://4travel.jp/dm_shisetsu/10002305
サイロ展望台	https://4travel.jp/dm_shisetsu/10004544
果報バンタ	https://4travel.jp/dm_shisetsu/11338370
岡本屋 売店	https://4travel.jp/dm_shisetsu/10197683
上杉神社	https://4travel.jp/dm_shisetsu/10003511
新丸の内ビルディング	https://4travel.jp/dm_shisetsu/10667465
海遊館	https://4travel.jp/dm_shisetsu/10000111
浅草寺 五重塔	https://4travel.jp/dm_shisetsu/11334071
真田神社	https://4travel.jp/dm_shisetsu/11348910
題経寺(柴又帝釈天)	https://4travel.jp/dm_shisetsu/10000948
中央公園	https://4travel.jp/dm_shisetsu/11583412
平塚パーキングエリア	https://4travel.jp/dm_shisetsu/10666830
熱海梅園	https://4travel.jp/dm_shisetsu/10017815
草千里ケ浜	https://4travel.jp/dm_shisetsu/10011877
二条市場	https://4travel.jp/dm_shisetsu/11289542
金刀比羅宮 旭社	https://4travel.jp/dm_shisetsu/11355146
識名園	https://4travel.jp/dm_shisetsu/10018973
とれとれ市場南紀白浜	https://4travel.jp/dm_shisetsu/11313587
星野リゾート 青森屋	https://4travel.jp/dm_hotel_each-10034490.html
ペリーロード	https://4travel.jp/dm_shisetsu/10006460
筑波山	https://4travel.jp/dm_shisetsu/10009969
菊華荘	https://4travel.jp/dm_shisetsu/10130435
殺生石	https://4travel.jp/dm_shisetsu/10008181
法隆寺 夢殿	https://4travel.jp/dm_shisetsu/11325692
飛瀧神社	https://4travel.jp/dm_shisetsu/11336388
根津神社	https://4travel.jp/dm_shisetsu/10000938
高野山	https://4travel.jp/dm_shisetsu/10003823
特急 あずさ(スーパーあずさ)	https://4travel.jp/dm_shisetsu/11349940
奈良ホテル	https://4travel.jp/dm_hotel_each-10049831.html
もいわ山展望台	https://4travel.jp/dm_shisetsu/10009265
萬代橋	https://4travel.jp/dm_shisetsu/10007402
ひとし 石敢當店	https://4travel.jp/dm_shisetsu/10706777
水木しげる記念館	https://4travel.jp/dm_shisetsu/10015345
昭和新山	https://4travel.jp/dm_shisetsu/10009579
道の駅 小豆島オリーブ公園	https://4travel.jp/dm_shisetsu/10018566
城ケ倉大橋	https://4travel.jp/dm_shisetsu/11290319
坂下門	https://4travel.jp/dm_shisetsu/11336521
日本最西端の碑	https://4travel.jp/dm_shisetsu/10012316
八方池	https://4travel.jp/dm_shisetsu/10010416
赤城山	https://4travel.jp/dm_shisetsu/10034084
襟裳岬	https://4travel.jp/dm_shisetsu/10009582
醍醐寺	https://4travel.jp/dm_shisetsu/10008845
ハレクラニ沖縄	https://4travel.jp/dm_hotel_each-11766876.html
上高地梓川の清流	https://4travel.jp/dm_shisetsu/11306128
笛吹川フルーツ公園 フルーツセンター	https://4travel.jp/dm_shisetsu/10017759
外宮 土宮	https://4travel.jp/dm_shisetsu/10003994
五色沼湖沼群	https://4travel.jp/dm_shisetsu/10012623
竹富郵便局	https://4travel.jp/dm_shisetsu/11330796
仲本海岸	https://4travel.jp/dm_shisetsu/10667349
大街道商店街	https://4travel.jp/dm_shisetsu/11291740
相倉合掌造り集落	https://4travel.jp/dm_shisetsu/10005958
来宮神社	https://4travel.jp/dm_shisetsu/10001558
皇居東御苑	https://4travel.jp/dm_shisetsu/10017116
道の駅 流氷街道網走	https://4travel.jp/dm_shisetsu/11293220
奈良井宿	https://4travel.jp/dm_shisetsu/10006403
たつこ像	https://4travel.jp/dm_shisetsu/10007595
北海道ラーメン道場	https://4travel.jp/dm_shisetsu/11343160
小倉城	https://4travel.jp/dm_shisetsu/10005572
スコトン岬	https://4travel.jp/dm_shisetsu/10032386
宇佐神宮	https://4travel.jp/dm_shisetsu/10003156
バンナ公園	https://4travel.jp/dm_shisetsu/10019018
浜松城	https://4travel.jp/dm_shisetsu/10004996
道の駅 国頭村観光物産センターゆいゆい国頭 	https://4travel.jp/dm_shisetsu/10019355
佐野サービスエリア (下り)	https://4travel.jp/dm_shisetsu/10666356
室戸岬	https://4travel.jp/dm_shisetsu/10011553
武家屋敷跡野村家	https://4travel.jp/dm_shisetsu/10005912
八甲田ロープウェー	https://4travel.jp/dm_shisetsu/10000246
日産スタジアム	https://4travel.jp/dm_shisetsu/11288131
談合坂SA(上り)	https://4travel.jp/dm_shisetsu/10666373
橿原神宮	https://4travel.jp/dm_shisetsu/10002381
稲佐山	https://4travel.jp/dm_shisetsu/10011765
道の駅 ウトロ観光案内所(うとろ シリエトク内)	https://4travel.jp/dm_shisetsu/11187737
福岡タワー	https://4travel.jp/dm_shisetsu/10005585
オアシス21	https://4travel.jp/dm_shisetsu/10017925
六花亭 札幌本店	https://4travel.jp/dm_shisetsu/11555020
ベッセルホテル石垣島	https://4travel.jp/dm_hotel_each-10053651.html
飯盛山	https://4travel.jp/dm_shisetsu/10006501
天橋立ビューランド	https://4travel.jp/dm_shisetsu/10033071
おかげ横丁 豚捨	https://4travel.jp/dm_shisetsu/10174251
妖怪神社	https://4travel.jp/dm_shisetsu/10003556
出雲大社 ムスビの御神像	https://4travel.jp/dm_shisetsu/11379659
富山城	https://4travel.jp/dm_shisetsu/11304427
ハイアット リージェンシー 那覇 沖縄	https://4travel.jp/dm_hotel_each-11377038.html
サッポロビール博物館	https://4travel.jp/dm_shisetsu/10013185
銀河の滝	https://4travel.jp/dm_shisetsu/10009623
能登半島国定公園雨晴海岸	https://4travel.jp/dm_shisetsu/11304459
千尋の滝	https://4travel.jp/dm_shisetsu/10012079
京都四條 南座 (阿国歌舞伎発祥の地)	https://4travel.jp/dm_shisetsu/11291628
大川の滝	https://4travel.jp/dm_shisetsu/10012080
湯島天満宮	https://4travel.jp/dm_shisetsu/10000940
東福寺 通天橋	https://4travel.jp/dm_shisetsu/11382277
因島大橋	https://4travel.jp/dm_shisetsu/11315162
シギラベイサイドスイート アラマンダ ＜宮古島＞	https://4travel.jp/dm_hotel_each-10058558.html
東海館	https://4travel.jp/dm_shisetsu/10004984
雲仙地獄	https://4travel.jp/dm_shisetsu/10011784
成田山新勝寺大本堂	https://4travel.jp/dm_shisetsu/11347363
比屋定バンタ展望台	https://4travel.jp/dm_shisetsu/10006678
鳥羽水族館	https://4travel.jp/dm_shisetsu/10000104
弥山	https://4travel.jp/dm_shisetsu/10011361
フサキビーチ	https://4travel.jp/dm_shisetsu/11291835
伊古桟橋	https://4travel.jp/dm_shisetsu/11330919
新田観光	https://4travel.jp/dm_shisetsu/11293423
広福門	https://4travel.jp/dm_shisetsu/10005816
関門トンネル人道 (福岡門司側)	https://4travel.jp/dm_shisetsu/11293698
浄土ヶ浜	https://4travel.jp/dm_shisetsu/10009384
日本橋	https://4travel.jp/dm_shisetsu/10007872
浅草神社(三社さま)	https://4travel.jp/dm_shisetsu/10000929
浜離宮恩賜庭園	https://4travel.jp/dm_shisetsu/10017128
鋸山日本寺展望台	https://4travel.jp/dm_shisetsu/11302288
岐阜城	https://4travel.jp/dm_shisetsu/10005030
知恩院 三門	https://4travel.jp/dm_shisetsu/11582967
祇王寺	https://4travel.jp/dm_shisetsu/10002264
外交官の家	https://4travel.jp/dm_shisetsu/10004737
ゴジラ岩 (ウトロ)	https://4travel.jp/dm_shisetsu/11293166
カフェ ベラヴィスタ	https://4travel.jp/dm_shisetsu/11803687
シェラトン・グランデ・トーキョーベイ・ホテル	https://4travel.jp/dm_hotel_each-10035366.html
岩手銀行赤レンガ館	https://4travel.jp/dm_shisetsu/10004461
宮川朝市	https://4travel.jp/dm_shisetsu/11289606
ホテルイーストチャイナシー ＜石垣島＞	https://4travel.jp/dm_hotel_each-10039050.html
白熊菓琲	https://4travel.jp/dm_shisetsu/10210982
北九州市旧大阪商船	https://4travel.jp/dm_shisetsu/10015824
特急 踊り子	https://4travel.jp/dm_shisetsu/11374802
日比谷公園	https://4travel.jp/dm_shisetsu/10017118
三菱一号館美術館	https://4travel.jp/dm_shisetsu/11288900
象の鼻パーク	https://4travel.jp/dm_shisetsu/11292218
光泉寺	https://4travel.jp/dm_shisetsu/10001418
風日祈宮	https://4travel.jp/dm_shisetsu/10003984
迎賓館赤坂離宮	https://4travel.jp/dm_shisetsu/10666411
京都国立博物館	https://4travel.jp/dm_shisetsu/10015042
身延山久遠寺	https://4travel.jp/dm_shisetsu/10001535
宇和島城	https://4travel.jp/dm_shisetsu/10005557
であい橋	https://4travel.jp/dm_shisetsu/11556662
箱根ロープウェイ	https://4travel.jp/dm_shisetsu/10000344
高尾山 山頂展望台	https://4travel.jp/dm_shisetsu/11608361
エリスマン邸	https://4travel.jp/dm_shisetsu/10004734
白良浜	https://4travel.jp/dm_shisetsu/10011027
グリコのネオン	https://4travel.jp/dm_shisetsu/11371335
三角市場	https://4travel.jp/dm_shisetsu/10906436
稚内港フェリーターミナル	https://4travel.jp/dm_shisetsu/11326931
浜名湖	https://4travel.jp/dm_shisetsu/10010626
ガンガラーの谷	https://4travel.jp/dm_shisetsu/11287604
崎津教会	https://4travel.jp/dm_shisetsu/10003848
マナティー館	https://4travel.jp/dm_shisetsu/10000188
目黒川(桜並木)	https://4travel.jp/dm_shisetsu/10009030
大山ケーブルカー	https://4travel.jp/dm_shisetsu/11326461
鶴岡市立加茂水族館	https://4travel.jp/dm_shisetsu/10000215
岩国城	https://4travel.jp/dm_shisetsu/10006611
オンネトー	https://4travel.jp/dm_shisetsu/10009686
榛名山(榛名富士)	https://4travel.jp/dm_shisetsu/10010130
玄宮園	https://4travel.jp/dm_shisetsu/10018068
出雲日御碕灯台	https://4travel.jp/dm_shisetsu/10005382
ベーリック・ホール	https://4travel.jp/dm_shisetsu/10004735
道の駅 うずしお	https://4travel.jp/dm_shisetsu/10020018
山居倉庫	https://4travel.jp/dm_shisetsu/10006081
紅葉谷公園	https://4travel.jp/dm_shisetsu/10018510
やいま村	https://4travel.jp/dm_shisetsu/11363131
丸の内仲通り	https://4travel.jp/dm_shisetsu/10004587
三越日本橋本店	https://4travel.jp/dm_shisetsu/10666622
阪神甲子園球場	https://4travel.jp/dm_shisetsu/11153536
鍋ヶ滝公園	https://4travel.jp/dm_shisetsu/10011872
阿真ビーチ	https://4travel.jp/dm_shisetsu/11290924
函嶺洞門	https://4travel.jp/dm_shisetsu/11335496
横浜スタジアム	https://4travel.jp/dm_shisetsu/10017247
元町公園	https://4travel.jp/dm_shisetsu/10017031
那覇バスターミナル	https://4travel.jp/dm_shisetsu/11288728
東京ディズニーランド(R)ホテル	https://4travel.jp/dm_hotel_each-10219619.html
ホテルサザンコースト 宮古島 ＜宮古島＞	https://4travel.jp/dm_hotel_each-10218058.html
スターバックスコーヒー 富山環水公園店	https://4travel.jp/dm_shisetsu/11034513
福岡PayPayドーム	https://4travel.jp/dm_shisetsu/11187501
越後のお酒ミュージアム  ぽんしゅ館 越後湯沢店	https://4travel.jp/dm_shisetsu/10033139
なばなの里	https://4travel.jp/dm_shisetsu/11288386
富士川サービスエリア	https://4travel.jp/dm_shisetsu/10666647
黒部ケーブルカー	https://4travel.jp/dm_shisetsu/10000768
河鹿橋	https://4travel.jp/dm_shisetsu/10006276
阿蘇山	https://4travel.jp/dm_shisetsu/10011859
大門	https://4travel.jp/dm_shisetsu/10007655
函館市旧イギリス領事館	https://4travel.jp/dm_shisetsu/10004520
ティーヌ浜	https://4travel.jp/dm_shisetsu/11367915
外宮 風宮	https://4travel.jp/dm_shisetsu/10003990
久高島	https://4travel.jp/dm_shisetsu/10012160
ケープコッド・クックオフ	https://4travel.jp/dm_shisetsu/10130070
河津七滝	https://4travel.jp/dm_shisetsu/10010552
盛岡城跡公園 (岩手公園)	https://4travel.jp/dm_shisetsu/10007499
旧弘前市立図書館	https://4travel.jp/dm_shisetsu/10006901
厳美渓	https://4travel.jp/dm_shisetsu/10009357
帯広競馬場(ばんえい十勝)	https://4travel.jp/dm_shisetsu/11288689
小石川後楽園	https://4travel.jp/dm_shisetsu/10017141
富士急ハイランド	https://4travel.jp/dm_shisetsu/10033128
フレペの滝(乙女の涙)	https://4travel.jp/dm_shisetsu/10009747
萬翠荘	https://4travel.jp/dm_shisetsu/10005530
もてなしドーム	https://4travel.jp/dm_shisetsu/10006782
西本願寺(お西さん)	https://4travel.jp/dm_shisetsu/10002002
四海樓	https://4travel.jp/dm_shisetsu/10205526
三室戸寺	https://4travel.jp/dm_shisetsu/10002195
紫雲山頂法寺(六角堂)	https://4travel.jp/dm_shisetsu/10004128
長崎港ターミナル	https://4travel.jp/dm_shisetsu/11361598
平野神社	https://4travel.jp/dm_shisetsu/10002063
グラバースカイロード	https://4travel.jp/dm_shisetsu/11286471
大神神社	https://4travel.jp/dm_shisetsu/10002366
一乗谷朝倉氏遺跡	https://4travel.jp/dm_shisetsu/10005896
お食事処 すむばり	https://4travel.jp/dm_shisetsu/10198496
フナウサギバナタ展望施設	https://4travel.jp/dm_shisetsu/11321954
東京ディズニーランド エレクトリカルパレード ドリームライツ	https://4travel.jp/dm_shisetsu/11328238
あなごめし うえの 宮島口本店	https://4travel.jp/dm_shisetsu/10213740
大歩危 小歩危	https://4travel.jp/dm_shisetsu/10011532
知覧特攻平和会館	https://4travel.jp/dm_shisetsu/10016238
豪徳寺	https://4travel.jp/dm_shisetsu/10000969
三峯神社	https://4travel.jp/dm_shisetsu/10001392
石ヶ戸	https://4travel.jp/dm_shisetsu/10009477
角島灯台	https://4travel.jp/dm_shisetsu/10005493
妙本寺	https://4travel.jp/dm_shisetsu/11288826
宇治神社	https://4travel.jp/dm_shisetsu/10002201
川越氷川神社	https://4travel.jp/dm_shisetsu/11326249
ホテルニューグランド	https://4travel.jp/dm_hotel_each-10041960.html
箱根ホテル　富士屋ホテルレイクビューアネックス	https://4travel.jp/dm_hotel_each-10042100.html
本能寺	https://4travel.jp/dm_shisetsu/10002074
瑞龍寺	https://4travel.jp/dm_shisetsu/10003344
赤城高原サービスエリア	https://4travel.jp/dm_shisetsu/10666355
公園茶屋	https://4travel.jp/dm_shisetsu/10668785
小樽オルゴール堂 本館	https://4travel.jp/dm_shisetsu/11288747
七人本舗	https://4travel.jp/dm_shisetsu/10709434
大洲城	https://4travel.jp/dm_shisetsu/10005549
SHIROYAMA HOTEL kagoshima（城山ホテル鹿児島）	https://4travel.jp/dm_hotel_each-10053230.html
吉備津神社	https://4travel.jp/dm_shisetsu/10002710
久能山東照宮	https://4travel.jp/dm_shisetsu/10001591
秋吉台カルスト展望台	https://4travel.jp/dm_shisetsu/10005473
横浜市イギリス館(旧英国総領事公邸)	https://4travel.jp/dm_shisetsu/10004741
国会議事堂	https://4travel.jp/dm_shisetsu/10007122
歌舞伎座	https://4travel.jp/dm_shisetsu/10666410
青の洞窟	https://4travel.jp/dm_shisetsu/11370236
嵐電	https://4travel.jp/dm_shisetsu/11331717
二尊院	https://4travel.jp/dm_shisetsu/10002262
中門	https://4travel.jp/dm_shisetsu/11374672
宇治橋_2	https://4travel.jp/dm_shisetsu/10006344
大雪山層雲峡ロープウェイ	https://4travel.jp/dm_shisetsu/11294927
登別温泉	https://4travel.jp/dm_shisetsu/10030934
武家屋敷通り	https://4travel.jp/dm_shisetsu/10007590
ニューヨーク・デリ	https://4travel.jp/dm_shisetsu/10141185
しまなみ海道	https://4travel.jp/dm_shisetsu/10008672
東福寺 臥雲橋	https://4travel.jp/dm_shisetsu/11382276
ひみ番屋街	https://4travel.jp/dm_shisetsu/11322833
報国寺(竹寺)	https://4travel.jp/dm_shisetsu/10001080
吉水神社(書院 重文)	https://4travel.jp/dm_shisetsu/10002450
メルヘンの丘	https://4travel.jp/dm_shisetsu/11293358
上里サービスエリア (上り)	https://4travel.jp/dm_shisetsu/10666353
権現堂桜堤	https://4travel.jp/dm_shisetsu/10008868
九州鉄道記念館	https://4travel.jp/dm_shisetsu/10015822
大覚寺	https://4travel.jp/dm_shisetsu/10002261
不忍池弁天堂	https://4travel.jp/dm_shisetsu/11327332
東大寺 中門	https://4travel.jp/dm_shisetsu/11560256
成就院	https://4travel.jp/dm_shisetsu/10001115
蕪島	https://4travel.jp/dm_shisetsu/10009470
ブラフ18番館	https://4travel.jp/dm_shisetsu/10004736
釧路湿原国立公園	https://4travel.jp/dm_shisetsu/10009643
元箱根港	https://4travel.jp/dm_shisetsu/11366085
独鈷の湯	https://4travel.jp/dm_shisetsu/10006304
観音崎灯台	https://4travel.jp/dm_shisetsu/11357326
石垣市公設市場	https://4travel.jp/dm_shisetsu/10668787
南の美ら花　ホテル　ミヤヒラ	https://4travel.jp/dm_hotel_each-10053648.html
沖縄久米島イーフビーチホテル ＜久米島＞	https://4travel.jp/dm_hotel_each-10039001.html
西海岸公園・白鳥崎	https://4travel.jp/dm_shisetsu/10019009
河津七滝ループ橋(七滝高架橋)	https://4travel.jp/dm_shisetsu/11288737
東本願寺(お東さん)	https://4travel.jp/dm_shisetsu/10001998
寒霞渓	https://4travel.jp/dm_shisetsu/10011456
関門トンネル	https://4travel.jp/dm_shisetsu/11315722
戎橋	https://4travel.jp/dm_shisetsu/10005129
仙娥滝	https://4travel.jp/dm_shisetsu/10010433
香取神宮	https://4travel.jp/dm_shisetsu/10001161
鉄道博物館	https://4travel.jp/dm_shisetsu/10600726
青柳家	https://4travel.jp/dm_shisetsu/11286440
横浜マリンタワー	https://4travel.jp/dm_shisetsu/10004719
札幌グランドホテル	https://4travel.jp/dm_hotel_each-10040725.html
かんのファーム	https://4travel.jp/dm_shisetsu/10915324
みかど	https://4travel.jp/dm_shisetsu/10194182
吉野ヶ里歴史公園	https://4travel.jp/dm_shisetsu/10006665
丸岡城	https://4travel.jp/dm_shisetsu/10006498
ホテル ムーンビーチ	https://4travel.jp/dm_hotel_each-10053568.html
掛川城	https://4travel.jp/dm_shisetsu/10004999
琵琶の滝	https://4travel.jp/dm_shisetsu/10011514
黒川温泉	https://4travel.jp/dm_shisetsu/10031514
ウェルネスヴィラブリッサ	https://4travel.jp/dm_hotel_each-10053628.html
GINZA SIX	https://4travel.jp/dm_shisetsu/11645000
延暦寺	https://4travel.jp/dm_shisetsu/10001812
八甲田山	https://4travel.jp/dm_shisetsu/10009511
立山ロープウェイ	https://4travel.jp/dm_shisetsu/11288980
立山室堂	https://4travel.jp/dm_shisetsu/10008790
地獄谷_2	https://4travel.jp/dm_shisetsu/10012465
特別史跡 三内丸山遺跡	https://4travel.jp/dm_shisetsu/10008190
道の駅 朝霧高原	https://4travel.jp/dm_shisetsu/10019771
シーサイドドライブイン	https://4travel.jp/dm_shisetsu/10206201
宗像大社(辺津宮)	https://4travel.jp/dm_shisetsu/10003005
福山城	https://4travel.jp/dm_shisetsu/10008570
漏刻門	https://4travel.jp/dm_shisetsu/10005819
関門海峡	https://4travel.jp/dm_shisetsu/11315718
JR中央本線	https://4travel.jp/dm_shisetsu/11602330
富山城址公園	https://4travel.jp/dm_shisetsu/10019093
鳩待峠	https://4travel.jp/dm_shisetsu/10010209
旧古河庭園	https://4travel.jp/dm_shisetsu/10017146
弁慶堂	https://4travel.jp/dm_shisetsu/10007881
アクアワールド茨城県大洗水族館	https://4travel.jp/dm_shisetsu/10000052
新富良野プリンスホテル	https://4travel.jp/dm_hotel_each-10034755.html
シギラ黄金温泉	https://4travel.jp/dm_shisetsu/11288407
太宰府天満宮 楼門	https://4travel.jp/dm_shisetsu/11559450
阿波おどり会館	https://4travel.jp/dm_shisetsu/10033348
諏訪大社下社春宮	https://4travel.jp/dm_shisetsu/10003651
石垣島ホテルククル	https://4travel.jp/dm_hotel_each-10221031.html
黒部峡谷鉄道 (トロッコ電車)	https://4travel.jp/dm_shisetsu/10000773
ホテルニューオータニ	https://4travel.jp/dm_hotel_each-10034944.html
奥四万湖	https://4travel.jp/dm_shisetsu/10010152
両国国技館	https://4travel.jp/dm_shisetsu/11288527
来宮神社_2	https://4travel.jp/dm_shisetsu/11335436
御所の湯	https://4travel.jp/dm_shisetsu/11288796
宇治川	https://4travel.jp/dm_shisetsu/10010896
岳沢湿原	https://4travel.jp/dm_shisetsu/10010332
安井金比羅宮	https://4travel.jp/dm_shisetsu/10002100
羊山公園	https://4travel.jp/dm_shisetsu/10017580
八重干瀬	https://4travel.jp/dm_shisetsu/10012261
成田山新勝寺三重塔	https://4travel.jp/dm_shisetsu/11338637
マクダックス デパートメントストア	https://4travel.jp/dm_shisetsu/11343495
ザンビーニ・ブラザーズ・リストランテ	https://4travel.jp/dm_shisetsu/10169480
湯之平展望所	https://4travel.jp/dm_shisetsu/10007191
沖縄県立博物館 美術館	https://4travel.jp/dm_shisetsu/10016273
城崎温泉の町並み	https://4travel.jp/dm_shisetsu/11312627
小便小僧	https://4travel.jp/dm_shisetsu/10007109
東京都庁	https://4travel.jp/dm_shisetsu/11286459
龍飛崎	https://4travel.jp/dm_shisetsu/10009467
太宰治記念館「斜陽館」	https://4travel.jp/dm_shisetsu/10013077
仙台城跡	https://4travel.jp/dm_shisetsu/10007541
Ｄｒ．コトー診療所	https://4travel.jp/dm_shisetsu/11321976
下鴨神社 楼門	https://4travel.jp/dm_shisetsu/11376020
彫刻の森美術館	https://4travel.jp/dm_shisetsu/10013582
鬼押出し園	https://4travel.jp/dm_shisetsu/10017629
川豊 本店	https://4travel.jp/dm_shisetsu/10129890
家光廟大猷院	https://4travel.jp/dm_shisetsu/10004841
北こぶし知床 ホテル＆リゾート	https://4travel.jp/dm_hotel_each-10041182.html
網走湖	https://4travel.jp/dm_shisetsu/10009737
上越新幹線	https://4travel.jp/dm_shisetsu/11327043
ダグズ・バーガー 宮古島本店	https://4travel.jp/dm_shisetsu/11364572
ひさ倉	https://4travel.jp/dm_shisetsu/10181713
澄海岬	https://4travel.jp/dm_shisetsu/10032389
平和祈念像	https://4travel.jp/dm_shisetsu/11558176
イクスピアリ	https://4travel.jp/dm_shisetsu/11187265
青森銀行記念館	https://4travel.jp/dm_shisetsu/10013069
雪の大谷	https://4travel.jp/dm_shisetsu/10012461
浜島	https://4travel.jp/dm_shisetsu/11291252
興雲閣	https://4travel.jp/dm_shisetsu/10015374
国宝瑠璃光寺五重塔	https://4travel.jp/dm_shisetsu/10002806
タウシュベツ川橋梁	https://4travel.jp/dm_shisetsu/11290679
山手２３４番館	https://4travel.jp/dm_shisetsu/10004739
北向観音堂	https://4travel.jp/dm_shisetsu/10001445
濃溝の滝	https://4travel.jp/dm_shisetsu/11582891
日光山中禅寺立木観音	https://4travel.jp/dm_shisetsu/10001277
美幌峠	https://4travel.jp/dm_shisetsu/10009691
道後麦酒館	https://4travel.jp/dm_shisetsu/10176227
飛鳥山公園	https://4travel.jp/dm_shisetsu/10017144
梅小路公園	https://4travel.jp/dm_shisetsu/10018170
明智平	https://4travel.jp/dm_shisetsu/10008244
蔦温泉旅館	https://4travel.jp/dm_hotel_each-10034493.html
マツダスタジアム	https://4travel.jp/dm_shisetsu/10666620
中宮寺	https://4travel.jp/dm_shisetsu/10002401
明善寺郷土館	https://4travel.jp/dm_shisetsu/10001696
ワルミ大橋	https://4travel.jp/dm_shisetsu/11291236
函館市電 (路面電車)	https://4travel.jp/dm_shisetsu/10000252
ラッキーピエロ 五稜郭公園前店	https://4travel.jp/dm_shisetsu/10200264
琵琶湖	https://4travel.jp/dm_shisetsu/10010829
白浜港	https://4travel.jp/dm_shisetsu/11288597
大願寺	https://4travel.jp/dm_shisetsu/10002777
天寧寺	https://4travel.jp/dm_shisetsu/11288446
ホテルモントレ沖縄　スパ＆リゾート	https://4travel.jp/dm_hotel_each-11327809.html
波照間島星空観測タワー	https://4travel.jp/dm_shisetsu/10005885
流星の滝	https://4travel.jp/dm_shisetsu/10009626
神奈川県庁本庁舎	https://4travel.jp/dm_shisetsu/10004714
精進湖	https://4travel.jp/dm_shisetsu/10010497
長崎鼻	https://4travel.jp/dm_shisetsu/10012043
坂の上の雲ミュージアム	https://4travel.jp/dm_shisetsu/11187164
伊豆シャボテン動物公園	https://4travel.jp/dm_shisetsu/10033153
オタトマリ沼	https://4travel.jp/dm_shisetsu/10009711
ねねの道	https://4travel.jp/dm_shisetsu/10667444
和倉温泉 加賀屋	https://4travel.jp/dm_hotel_each-10054157.html
沖縄アウトレットモールあしびなー	https://4travel.jp/dm_shisetsu/10668923
雲海テラス	https://4travel.jp/dm_shisetsu/11555153
太宰府天満宮 太鼓橋･心字池	https://4travel.jp/dm_shisetsu/11559452
門司港レトロ展望室	https://4travel.jp/dm_shisetsu/10005570
エンポーリオ	https://4travel.jp/dm_shisetsu/11343759
太宰府天満宮 参道	https://4travel.jp/dm_shisetsu/11559454
阿智神社	https://4travel.jp/dm_shisetsu/10002726
宮川中橋	https://4travel.jp/dm_shisetsu/11290078
黒島港	https://4travel.jp/dm_shisetsu/11342595
山陽新幹線	https://4travel.jp/dm_shisetsu/11290651
コレド室町	https://4travel.jp/dm_shisetsu/11187784
碓氷峠鉄道文化むら	https://4travel.jp/dm_shisetsu/10033080
伊予鉄道 (電車)	https://4travel.jp/dm_shisetsu/11289616
富士見櫓	https://4travel.jp/dm_shisetsu/11329606
圓光寺	https://4travel.jp/dm_shisetsu/10002142
長浜城歴史博物館	https://4travel.jp/dm_shisetsu/10014894
島原城	https://4travel.jp/dm_shisetsu/10005667
宇都宮二荒山神社	https://4travel.jp/dm_shisetsu/10001265
国立競技場	https://4travel.jp/dm_shisetsu/10603802
多々羅しまなみ公園	https://4travel.jp/dm_shisetsu/11317344
ブルーウィングもじ	https://4travel.jp/dm_shisetsu/11317902
大阪城天守閣	https://4travel.jp/dm_shisetsu/10005121
山手１１１番館(旧ラフィン邸)	https://4travel.jp/dm_shisetsu/10004738
よこはまコスモワールド	https://4travel.jp/dm_shisetsu/10033144
白兎神社	https://4travel.jp/dm_shisetsu/10002647
大岳	https://4travel.jp/dm_shisetsu/10012288
浄土平	https://4travel.jp/dm_shisetsu/10012580
太陽の塔	https://4travel.jp/dm_shisetsu/11323147
鴨川シーワールド	https://4travel.jp/dm_shisetsu/10033174
フラノマルシェ	https://4travel.jp/dm_shisetsu/10919279
立石寺中堂(根本中堂)	https://4travel.jp/dm_shisetsu/11342427
四万の甌穴	https://4travel.jp/dm_shisetsu/10010150
御寺泉涌寺	https://4travel.jp/dm_shisetsu/10002118
晴明神社	https://4travel.jp/dm_shisetsu/10002039
狸小路商店街	https://4travel.jp/dm_shisetsu/10007095
福井県立恐竜博物館	https://4travel.jp/dm_shisetsu/10016326
浅間山_2	https://4travel.jp/dm_shisetsu/10010274
加藤清正公像	https://4travel.jp/dm_shisetsu/11330110
山越うどん	https://4travel.jp/dm_shisetsu/10216162
ピナイサーラの滝	https://4travel.jp/dm_shisetsu/10012301
五大堂	https://4travel.jp/dm_shisetsu/10007472
三光稲荷神社	https://4travel.jp/dm_shisetsu/11291159
島武意海岸	https://4travel.jp/dm_shisetsu/10009566
佐和	https://4travel.jp/dm_shisetsu/10706960
宝蔵門	https://4travel.jp/dm_shisetsu/11328810
お宮の松 貫一 お宮の像	https://4travel.jp/dm_shisetsu/10008281
さとの湯	https://4travel.jp/dm_shisetsu/11288792
北の丸公園	https://4travel.jp/dm_shisetsu/10017127
龍源寺間歩	https://4travel.jp/dm_shisetsu/10005372
上里サービスエリア (下り)	https://4travel.jp/dm_shisetsu/11616567
河津桜原木	https://4travel.jp/dm_shisetsu/11335439
羽黒山五重塔	https://4travel.jp/dm_shisetsu/10003915
上高地帝国ホテル	https://4travel.jp/dm_hotel_each-10036356.html
酸ヶ湯温泉旅館	https://4travel.jp/dm_hotel_each-10040263.html
朱雀門	https://4travel.jp/dm_shisetsu/10008174
本覚寺	https://4travel.jp/dm_shisetsu/11288436
先斗町	https://4travel.jp/dm_shisetsu/10006725
江戸東京博物館	https://4travel.jp/dm_shisetsu/10013370
孔子廟 中国歴代博物館	https://4travel.jp/dm_shisetsu/11318882
白川 巽橋	https://4travel.jp/dm_shisetsu/11358156
新栄の丘展望公園	https://4travel.jp/dm_shisetsu/10017078
阿蘇神社	https://4travel.jp/dm_shisetsu/10003147
JRタワー展望室 T38	https://4travel.jp/dm_shisetsu/10004550
錦天満宮	https://4travel.jp/dm_shisetsu/10002077
底地ビーチ	https://4travel.jp/dm_shisetsu/11293399
湯神社(四社明神)	https://4travel.jp/dm_shisetsu/10002946
ホテルオリオンモトブリゾート＆スパ	https://4travel.jp/dm_hotel_each-11361143.html
忠海港	https://4travel.jp/dm_shisetsu/11324023
弥陀ヶ原	https://4travel.jp/dm_shisetsu/10012456
吾妻橋	https://4travel.jp/dm_shisetsu/11302497
草津温泉バスターミナル	https://4travel.jp/dm_shisetsu/11331263
糺の森	https://4travel.jp/dm_shisetsu/10003644
御射鹿池	https://4travel.jp/dm_shisetsu/11306701
三井寺(園城寺)	https://4travel.jp/dm_shisetsu/10001802
田代橋	https://4travel.jp/dm_shisetsu/11350864
旧海軍司令部壕	https://4travel.jp/dm_shisetsu/10005786
ニライカナイ	https://4travel.jp/dm_shisetsu/10709724
ホテル ライジングサン宮古島 ＜宮古島＞	https://4travel.jp/dm_hotel_each-11364484.html
ハートロック_2	https://4travel.jp/dm_shisetsu/11601489
大浜海浜公園	https://4travel.jp/dm_shisetsu/10018946
黒潮の森マングローブパーク	https://4travel.jp/dm_shisetsu/10018950
浦内川	https://4travel.jp/dm_shisetsu/10012302
プーさんのハニーハント	https://4travel.jp/dm_shisetsu/11328043
炭火焼肉 やまもと	https://4travel.jp/dm_shisetsu/10208376
原爆ドーム前停留場	https://4travel.jp/dm_shisetsu/10021366
加藤神社	https://4travel.jp/dm_shisetsu/10666902
青森ベイブリッジ 	https://4travel.jp/dm_shisetsu/11292570
発荷峠展望台	https://4travel.jp/dm_shisetsu/10007285
丸の内ブリックスクエア	https://4travel.jp/dm_shisetsu/11292663
江島神社 辺津宮	https://4travel.jp/dm_shisetsu/10001137
高坂サービスエリア	https://4travel.jp/dm_shisetsu/10666782
外宮 正宮	https://4travel.jp/dm_shisetsu/11392682
浮見堂	https://4travel.jp/dm_shisetsu/10008160
早川	https://4travel.jp/dm_shisetsu/11322752
流氷観光砕氷船おーろら	https://4travel.jp/dm_shisetsu/10000277
明神丸 ひろめ市場店	https://4travel.jp/dm_shisetsu/10195578
伊豆の国パノラマパーク	https://4travel.jp/dm_shisetsu/10004975
嵐山	https://4travel.jp/dm_shisetsu/10034064
道の駅 清滝駅	https://4travel.jp/dm_shisetsu/11291382
今宮神社	https://4travel.jp/dm_shisetsu/10002061
三条大橋	https://4travel.jp/dm_shisetsu/10006730
元興寺	https://4travel.jp/dm_shisetsu/10002351
横浜中華街関帝廟	https://4travel.jp/dm_shisetsu/10004718
ルネッサンスリゾートオキナワ	https://4travel.jp/dm_hotel_each-10039030.html
ニングルテラス	https://4travel.jp/dm_shisetsu/11187772
箱根登山バス	https://4travel.jp/dm_shisetsu/10000334
石黒家	https://4travel.jp/dm_shisetsu/10004444
フードスクエア 談合坂SA(下り)	https://4travel.jp/dm_shisetsu/11233591
日曜市	https://4travel.jp/dm_shisetsu/10005523
祐徳稲荷神社	https://4travel.jp/dm_shisetsu/10003086
手打十段 うどんバカ一代	https://4travel.jp/dm_shisetsu/10213649
具志川城跡	https://4travel.jp/dm_shisetsu/10005799
プリシアリゾート ヨロン ＜与論島＞	https://4travel.jp/dm_hotel_each-10053297.html
ミッキーのフィルハーマジック	https://4travel.jp/dm_shisetsu/11328044
阪急うめだ本店	https://4travel.jp/dm_shisetsu/11289006
なかむらそば	https://4travel.jp/dm_shisetsu/10195920
水牛車観光	https://4travel.jp/dm_shisetsu/10000743
海王丸パーク	https://4travel.jp/dm_shisetsu/10016479
横浜税関本関庁舎	https://4travel.jp/dm_shisetsu/11303201
帆船日本丸	https://4travel.jp/dm_shisetsu/10004696
道の駅 あまるべ	https://4travel.jp/dm_shisetsu/11344553
サフィールホテル稚内	https://4travel.jp/dm_hotel_each-10034886.html
こはぐら荘	https://4travel.jp/dm_shisetsu/11293570
桃岩展望台 (桃岩)	https://4travel.jp/dm_shisetsu/10006928
京王高尾山温泉 極楽湯	https://4travel.jp/dm_shisetsu/11558605
土佐三志士像	https://4travel.jp/dm_shisetsu/11374850
富士芝桜まつり	https://4travel.jp/dm_shisetsu/10669451
筑波山神社	https://4travel.jp/dm_shisetsu/10001211
江島神社	https://4travel.jp/dm_shisetsu/11289855
金戒光明寺(黒谷さん)	https://4travel.jp/dm_shisetsu/10002150
道の駅 川場田園プラザ	https://4travel.jp/dm_shisetsu/10019494
久慶門	https://4travel.jp/dm_shisetsu/10005817
岡崎城	https://4travel.jp/dm_shisetsu/10005006
大谷寺 大谷観音	https://4travel.jp/dm_shisetsu/10004815
さよこの店	https://4travel.jp/dm_shisetsu/10204498
宮島松大汽船	https://4travel.jp/dm_shisetsu/11338278
大聖院	https://4travel.jp/dm_shisetsu/10002778
御菓子御殿 (恩納店)	https://4travel.jp/dm_shisetsu/10668922
市場本通り	https://4travel.jp/dm_shisetsu/11336658
見附島	https://4travel.jp/dm_shisetsu/10012419
日本寺	https://4travel.jp/dm_shisetsu/10001190
スターバックス・コーヒー 神戸北野異人館店	https://4travel.jp/dm_shisetsu/11146791
龍王峡	https://4travel.jp/dm_shisetsu/10010027
ハセガワストア ベイエリア店	https://4travel.jp/dm_shisetsu/10181067
淡路ハイウェイオアシス	https://4travel.jp/dm_shisetsu/11333908
石塀小路	https://4travel.jp/dm_shisetsu/10006735
龍頭之茶屋	https://4travel.jp/dm_shisetsu/10276798
熱海城	https://4travel.jp/dm_shisetsu/10004981
大山祇神社本殿	https://4travel.jp/dm_shisetsu/11317349
網走国定公園 小清水原生花園	https://4travel.jp/dm_shisetsu/10009738
法然院	https://4travel.jp/dm_shisetsu/10002157
海蔵寺	https://4travel.jp/dm_shisetsu/10001099
どんぶり横丁市場	https://4travel.jp/dm_shisetsu/11289256
サンセットビーチ	https://4travel.jp/dm_shisetsu/10668976
成田(成田山表参道)	https://4travel.jp/dm_shisetsu/11301894
きしもと食堂 八重岳店	https://4travel.jp/dm_shisetsu/10189221
代々木公園	https://4travel.jp/dm_shisetsu/10017180
バズライトイヤーのアストロブラスター	https://4travel.jp/dm_shisetsu/11328059
第１番札所霊山寺	https://4travel.jp/dm_shisetsu/10002904
唐戸市場 活きいき馬関街	https://4travel.jp/dm_shisetsu/10187624
ステーキハウス 88 国際通り店	https://4travel.jp/dm_shisetsu/10209538
ぐるっと松江堀川めぐり	https://4travel.jp/dm_shisetsu/10000592
豊川稲荷	https://4travel.jp/dm_shisetsu/10001639
瀬底島	https://4travel.jp/dm_shisetsu/10012217
釧路フィッシャーマンズワーフMOO	https://4travel.jp/dm_shisetsu/11292783
ぱんちょう	https://4travel.jp/dm_shisetsu/10198836
汽車道(港１号 ２号 ３号橋梁旧臨港線護岸)	https://4travel.jp/dm_shisetsu/10004707
上野の森美術館	https://4travel.jp/dm_shisetsu/10013346
傘松公園	https://4travel.jp/dm_shisetsu/10018211
ミカドコーヒー 軽井沢旧道店	https://4travel.jp/dm_shisetsu/10137359
新潟港 (フェリーターミナル)	https://4travel.jp/dm_shisetsu/11328617
八幡平山頂レストハウス	https://4travel.jp/dm_shisetsu/10934534
立山トンネルトロリーバス	https://4travel.jp/dm_shisetsu/11288979
地獄沼	https://4travel.jp/dm_shisetsu/11322394
鏡池	https://4travel.jp/dm_shisetsu/10010268
毘沙門堂	https://4travel.jp/dm_shisetsu/10002168
武田信玄公銅像	https://4travel.jp/dm_shisetsu/10006917
円山公園_2	https://4travel.jp/dm_shisetsu/10017071
クラーク博士像 (羊ヶ丘展望台)	https://4travel.jp/dm_shisetsu/11341683
大湯沼	https://4travel.jp/dm_shisetsu/10009586
特急 ソニック (883系 885系）	https://4travel.jp/dm_shisetsu/11361366
大和食堂	https://4travel.jp/dm_shisetsu/10216359
備瀬崎	https://4travel.jp/dm_shisetsu/11288824
伊芸サービスエリア (上り)	https://4travel.jp/dm_shisetsu/10667306
ひとし 本店	https://4travel.jp/dm_shisetsu/10668826
姫路城 お菊井戸	https://4travel.jp/dm_shisetsu/11560497
渡嘉志久ビーチ	https://4travel.jp/dm_shisetsu/10031881
大石林山	https://4travel.jp/dm_shisetsu/10019004
宮島の大杓子	https://4travel.jp/dm_shisetsu/11293315
那智勝浦温泉 ホテル浦島	https://4travel.jp/dm_hotel_each-10037971.html
江の島サムエル コッキング苑	https://4travel.jp/dm_shisetsu/10017337
辰鼓楼	https://4travel.jp/dm_shisetsu/11337231
鶴の舞橋	https://4travel.jp/dm_shisetsu/11335132
乗鞍岳 畳平バスターミナル	https://4travel.jp/dm_shisetsu/10005057
サントリー 白州蒸溜所	https://4travel.jp/dm_shisetsu/11364631
武蔵一宮氷川神社	https://4travel.jp/dm_shisetsu/10001305
姫沼	https://4travel.jp/dm_shisetsu/10009704
安楽寺	https://4travel.jp/dm_shisetsu/10001443
地獄谷野猿公苑	https://4travel.jp/dm_shisetsu/10004906
武蔵御嶽神社	https://4travel.jp/dm_shisetsu/11559288
東大寺 鏡池	https://4travel.jp/dm_shisetsu/11341973
屈斜路湖 砂湯	https://4travel.jp/dm_shisetsu/11559721
JAL国内線 サクララウンジ	https://4travel.jp/dm_shisetsu/11191812
山形城跡 霞城公園	https://4travel.jp/dm_shisetsu/10007125
根室花まる JRタワーステラプレイス店	https://4travel.jp/dm_shisetsu/10140215
真名井の滝	https://4travel.jp/dm_shisetsu/10666734
あやまる岬観光公園	https://4travel.jp/dm_shisetsu/11321693
白保海岸	https://4travel.jp/dm_shisetsu/10012277
音止の滝	https://4travel.jp/dm_shisetsu/10010585
千秋公園	https://4travel.jp/dm_shisetsu/10016930
長島ダム	https://4travel.jp/dm_shisetsu/11343450
原子爆弾落下中心地碑	https://4travel.jp/dm_shisetsu/10005658
亀戸天神社	https://4travel.jp/dm_shisetsu/10666615
和倉温泉総湯	https://4travel.jp/dm_shisetsu/11330779
桔梗屋本社工場	https://4travel.jp/dm_shisetsu/11322902
喜多院	https://4travel.jp/dm_shisetsu/10001312
名古屋マリオットアソシアホテル	https://4travel.jp/dm_hotel_each-10047891.html
鞆の浦	https://4travel.jp/dm_shisetsu/10667455
ホテルＪＡＬシティ那覇	https://4travel.jp/dm_hotel_each-10058478.html
グランフロント大阪	https://4travel.jp/dm_shisetsu/11339306
スカイデッキ (セントレア)	https://4travel.jp/dm_shisetsu/11378999
ダブルツリーｂｙヒルトン那覇	https://4travel.jp/dm_hotel_each-10218380.html
小岩井農場まきば園	https://4travel.jp/dm_shisetsu/10033057
山梨県笛吹川フルーツ公園くだもの館・トロピカル温室	https://4travel.jp/dm_shisetsu/10726239
万座ビーチ	https://4travel.jp/dm_shisetsu/10031862
NEOPASA駿河湾沼津 (下り)	https://4travel.jp/dm_shisetsu/11290799
御岳山ケーブルカー	https://4travel.jp/dm_shisetsu/10000306
開陽台展望館	https://4travel.jp/dm_shisetsu/10007892
鹿児島港フェリーターミナル	https://4travel.jp/dm_shisetsu/11374134
カンパーナ六花亭	https://4travel.jp/dm_shisetsu/10918532
詩仙堂	https://4travel.jp/dm_shisetsu/10002143
堂ヶ島	https://4travel.jp/dm_shisetsu/10010520
吉野水分神社(重文)	https://4travel.jp/dm_shisetsu/11292015
スターバックス コーヒー 出雲大社店	https://4travel.jp/dm_shisetsu/11369330
渋温泉 歴史の宿 金具屋	https://4travel.jp/dm_hotel_each-10036095.html
島根県立古代出雲歴史博物館	https://4travel.jp/dm_shisetsu/11287752
リゾートしらかみ	https://4travel.jp/dm_shisetsu/10000223
平城宮跡	https://4travel.jp/dm_shisetsu/10008173
みもすそ川公園	https://4travel.jp/dm_shisetsu/10018529
北野天満宮 (天神さん)	https://4travel.jp/dm_shisetsu/10002046
二条城 二の丸御殿	https://4travel.jp/dm_shisetsu/11584499
瀬底ビーチ	https://4travel.jp/dm_shisetsu/10031869
青島神社	https://4travel.jp/dm_shisetsu/10003192
サンライズ瀬戸	https://4travel.jp/dm_shisetsu/11338268
カフェくるくま	https://4travel.jp/dm_shisetsu/10185791
尾道本通り商店街	https://4travel.jp/dm_shisetsu/11368509
宮古神社	https://4travel.jp/dm_shisetsu/10669044
朱華園	https://4travel.jp/dm_shisetsu/10206873
亀老山展望公園	https://4travel.jp/dm_shisetsu/10006978
ひるがの高原サービスエリア	https://4travel.jp/dm_shisetsu/10666790
大久野島 (うさぎ島)	https://4travel.jp/dm_shisetsu/11325422
神倉神社	https://4travel.jp/dm_shisetsu/10003760
下呂温泉 水明館	https://4travel.jp/dm_hotel_each-10048495.html
新柳河原発電所	https://4travel.jp/dm_shisetsu/10006602
パノラマ台	https://4travel.jp/dm_shisetsu/10007141
神谷バー	https://4travel.jp/dm_shisetsu/10128044
亀石	https://4travel.jp/dm_shisetsu/10008710
美瑛選果	https://4travel.jp/dm_shisetsu/11292123
焼岳	https://4travel.jp/dm_shisetsu/10603851
犬吠埼	https://4travel.jp/dm_shisetsu/10604112
スーパービュー踊り子	https://4travel.jp/dm_shisetsu/11289767
西の河原露天風呂	https://4travel.jp/dm_shisetsu/11364389
荏柄天神社	https://4travel.jp/dm_shisetsu/11288798
外宮参道	https://4travel.jp/dm_shisetsu/11392685
白川南通 (祇園白川)	https://4travel.jp/dm_shisetsu/10006734
二条城 唐門	https://4travel.jp/dm_shisetsu/11584501
史跡足利学校跡	https://4travel.jp/dm_shisetsu/10004854
摩周湖第一展望台	https://4travel.jp/dm_shisetsu/10008676
ラッキーピエロ マリーナ末広店	https://4travel.jp/dm_shisetsu/11390292
フナクス (ブロックビーチ)	https://4travel.jp/dm_shisetsu/11288899
マングローブ原生林	https://4travel.jp/dm_shisetsu/10012116
うえのドイツ文化村	https://4travel.jp/dm_shisetsu/10016292
吹通川のヒルギ群落	https://4travel.jp/dm_shisetsu/11363386
ディズニーシー・エレクトリックレールウェイ	https://4travel.jp/dm_shisetsu/11328084
宮島表参道商店街 (清盛通り)	https://4travel.jp/dm_shisetsu/11293321
東長寺	https://4travel.jp/dm_shisetsu/10003015
ひめゆり平和祈念資料館	https://4travel.jp/dm_shisetsu/10016260
大江教会	https://4travel.jp/dm_shisetsu/10217952
湧玉池	https://4travel.jp/dm_shisetsu/11308879
入道崎	https://4travel.jp/dm_shisetsu/10009279
立待岬	https://4travel.jp/dm_shisetsu/10009546
帝国ホテル東京	https://4travel.jp/dm_hotel_each-10034933.html
野付半島	https://4travel.jp/dm_shisetsu/10009651
東京湾フェリー (金谷港発)	https://4travel.jp/dm_shisetsu/10000367
細崎	https://4travel.jp/dm_shisetsu/10012287
深大寺	https://4travel.jp/dm_shisetsu/10001000
ホテル日航金沢	https://4travel.jp/dm_hotel_each-10053950.html
道の駅 草津運動茶屋公園	https://4travel.jp/dm_shisetsu/10019497
十勝岳望岳台	https://4travel.jp/dm_shisetsu/10004562
八食センター	https://4travel.jp/dm_shisetsu/11295798
一畑電車	https://4travel.jp/dm_shisetsu/11287763
地中美術館	https://4travel.jp/dm_shisetsu/10015655
嵯峨釈迦堂(清凉寺)	https://4travel.jp/dm_shisetsu/10002268
住吉大社	https://4travel.jp/dm_shisetsu/10001918
寿福寺	https://4travel.jp/dm_shisetsu/10001098
姫路城 桜門橋	https://4travel.jp/dm_shisetsu/11560765
上高地ハイキング	https://4travel.jp/dm_shisetsu/10010334
横浜市開港記念会館	https://4travel.jp/dm_shisetsu/10004713
両津港	https://4travel.jp/dm_shisetsu/11328619
ホーンテッドマンション	https://4travel.jp/dm_shisetsu/11328040
二十四の瞳映画村	https://4travel.jp/dm_shisetsu/11289856
うなぎパイファクトリー	https://4travel.jp/dm_shisetsu/11288717
由布岳(豊後富士)	https://4travel.jp/dm_shisetsu/11320422
柳湯	https://4travel.jp/dm_shisetsu/11292870
カレーショップ インデアン まちなか店	https://4travel.jp/dm_shisetsu/10902902
とみたメロンハウス	https://4travel.jp/dm_shisetsu/10915437
門脇つり橋(門脇灯台)	https://4travel.jp/dm_shisetsu/11308897
土山サービスエリア	https://4travel.jp/dm_shisetsu/10666664
元伊勢籠神社	https://4travel.jp/dm_shisetsu/10002319
ツルヤ (軽井沢店)	https://4travel.jp/dm_shisetsu/11236875
安居院(飛鳥寺)	https://4travel.jp/dm_shisetsu/10002384
石見銀山	https://4travel.jp/dm_shisetsu/10007782
道の駅 天城越え	https://4travel.jp/dm_shisetsu/10019769
夢の吊り橋	https://4travel.jp/dm_shisetsu/11336216
旭岳	https://4travel.jp/dm_shisetsu/10009607
鳩待峠休憩所	https://4travel.jp/dm_shisetsu/11602866
室生寺	https://4travel.jp/dm_shisetsu/10002376
甲府城跡	https://4travel.jp/dm_shisetsu/10008549
杉本寺	https://4travel.jp/dm_shisetsu/10001078
乾門	https://4travel.jp/dm_shisetsu/11339780
京都水族館	https://4travel.jp/dm_shisetsu/11288692
石山寺	https://4travel.jp/dm_shisetsu/10001820
地主神社	https://4travel.jp/dm_shisetsu/10002107
大洗磯前神社	https://4travel.jp/dm_shisetsu/11331531
沖縄かりゆしアーバンリゾート・ナハ	https://4travel.jp/dm_hotel_each-10053451.html
博多バスターミナル	https://4travel.jp/dm_shisetsu/11292001
天王寺動物園	https://4travel.jp/dm_shisetsu/10000110
ダブルツリーｂｙヒルトン那覇首里城	https://4travel.jp/dm_hotel_each-10053530.html
ウェストン碑	https://4travel.jp/dm_shisetsu/10007348
駿府城公園	https://4travel.jp/dm_shisetsu/10017855
路面電車 (岡山電気軌道)	https://4travel.jp/dm_shisetsu/11292931
八重山観光フェリー	https://4travel.jp/dm_shisetsu/10000742
猪苗代湖	https://4travel.jp/dm_shisetsu/10012679
寒霞渓ロープウェイ	https://4travel.jp/dm_shisetsu/10000622
石手寺	https://4travel.jp/dm_shisetsu/10002947
神戸市立王子動物園	https://4travel.jp/dm_shisetsu/10000130
ツル茶ん	https://4travel.jp/dm_shisetsu/10213501
ホテル雅叙園東京	https://4travel.jp/dm_hotel_each-10041672.html
東京ドーム ふるさと祭り東京	https://4travel.jp/dm_shisetsu/11325929
大手門	https://4travel.jp/dm_shisetsu/11326859
明智平ロープウェイ	https://4travel.jp/dm_shisetsu/10000383
出石城跡	https://4travel.jp/dm_shisetsu/10006117
気多大社	https://4travel.jp/dm_shisetsu/10003319
聖パウロカトリック教会	https://4travel.jp/dm_shisetsu/11286810
志摩	https://4travel.jp/dm_shisetsu/10005911
大菩薩峠	https://4travel.jp/dm_shisetsu/10010457
車山高原	https://4travel.jp/dm_shisetsu/10010344
那須温泉神社	https://4travel.jp/dm_shisetsu/10001288
富士河口湖もみじ回廊	https://4travel.jp/dm_shisetsu/11370831
五徳山水澤寺	https://4travel.jp/dm_shisetsu/10001415
大石公園	https://4travel.jp/dm_shisetsu/10017742
鳴沢氷穴	https://4travel.jp/dm_shisetsu/10010443
こんにゃくパーク	https://4travel.jp/dm_shisetsu/11202829
鶴岡八幡宮 舞殿	https://4travel.jp/dm_shisetsu/11339795
源氏山公園	https://4travel.jp/dm_shisetsu/10008863
横浜公園	https://4travel.jp/dm_shisetsu/10017246
ならまち	https://4travel.jp/dm_shisetsu/11342300
渋温泉	https://4travel.jp/dm_shisetsu/10031105
伏見稲荷大社 楼門	https://4travel.jp/dm_shisetsu/11559028
島尻のマングローブ林	https://4travel.jp/dm_shisetsu/10012256
月夜見宮	https://4travel.jp/dm_shisetsu/10003978
成田山新勝寺平和大塔	https://4travel.jp/dm_shisetsu/11345087
ヒルトン東京ベイ	https://4travel.jp/dm_hotel_each-10042307.html
 ニモ＆フレンズ・シーライダー	https://4travel.jp/dm_shisetsu/11677070
常夜燈	https://4travel.jp/dm_shisetsu/11337791
東京ゲートブリッジ	https://4travel.jp/dm_shisetsu/11288105
ゲストハウス　Ｓｅａ～ＰａっＰａ（女性専用）	https://4travel.jp/dm_hotel_each-10058594.html
オホーツク流氷館	https://4travel.jp/dm_shisetsu/10013256
根道神社 (モネの池)	https://4travel.jp/dm_shisetsu/11559967
吾妻小富士	https://4travel.jp/dm_shisetsu/10012578
階段国道３３９号	https://4travel.jp/dm_shisetsu/11295878
宝泉院	https://4travel.jp/dm_shisetsu/10002011
日光金谷ホテル	https://4travel.jp/dm_hotel_each-10035560.html
猿橋	https://4travel.jp/dm_shisetsu/10007724
嵯峨野トロッコ列車	https://4travel.jp/dm_shisetsu/10000527
万治の石仏	https://4travel.jp/dm_shisetsu/10006459
唐招提寺金堂	https://4travel.jp/dm_shisetsu/10004194
谷瀬の吊り橋	https://4travel.jp/dm_shisetsu/11293011
勝鬨橋	https://4travel.jp/dm_shisetsu/10667150
高尾山 ひっぱり蛸	https://4travel.jp/dm_shisetsu/11329580
戸隠神社 九頭龍社	https://4travel.jp/dm_shisetsu/10001436
円覚寺 三門 (山門)	https://4travel.jp/dm_shisetsu/11338453
箱根強羅公園	https://4travel.jp/dm_shisetsu/10017320
保津川下り	https://4travel.jp/dm_shisetsu/10034068
仙石原高原	https://4travel.jp/dm_shisetsu/10009890
米塚	https://4travel.jp/dm_shisetsu/10011862
ｓｏｒａｎｉｗａ　ｈｏｔｅｌ　ａｎｄ　ｃａｆｅ　＜伊良部島＞	https://4travel.jp/dm_hotel_each-10669134.html
バー・ムーンシェル	https://4travel.jp/dm_shisetsu/10707066
羽田エクセルホテル東急	https://4travel.jp/dm_hotel_each-10041609.html
ビック2 (奄美店)	https://4travel.jp/dm_shisetsu/11291064
リッコジェラート	https://4travel.jp/dm_shisetsu/10712391
ホテルグランビュー石垣	https://4travel.jp/dm_hotel_each-10058641.html
メタセコイア並木道	https://4travel.jp/dm_shisetsu/11292059
日光白根山	https://4travel.jp/dm_shisetsu/10603832
ジャングルクルーズ	https://4travel.jp/dm_shisetsu/11328024
鈴廣 かまぼこの里	https://4travel.jp/dm_shisetsu/10830385
マエザトビーチ	https://4travel.jp/dm_shisetsu/11323368
伊原間サビチ洞	https://4travel.jp/dm_shisetsu/10012280
眉山	https://4travel.jp/dm_shisetsu/10011479
ザ・テラスクラブ アット ブセナ	https://4travel.jp/dm_hotel_each-10669260.html
小泉八雲旧居	https://4travel.jp/dm_shisetsu/10005363
小田急小田原線	https://4travel.jp/dm_shisetsu/11602274
銭形砂絵	https://4travel.jp/dm_shisetsu/10006597
ウミガメ館	https://4travel.jp/dm_shisetsu/10000191
高知城 追手門	https://4travel.jp/dm_shisetsu/11558664
カフーリゾートフチャク　コンド・ホテル	https://4travel.jp/dm_hotel_each-10220976.html
宇奈月ダム	https://4travel.jp/dm_shisetsu/10006964
あわじ花さじき	https://4travel.jp/dm_shisetsu/10018307
五箇山 合掌の里	https://4travel.jp/dm_shisetsu/11358646
エーファクトリー	https://4travel.jp/dm_shisetsu/11195863
横浜美術館	https://4travel.jp/dm_shisetsu/10013491
軍艦島ツアー	https://4travel.jp/dm_shisetsu/11557563
延暦寺 根本中堂	https://4travel.jp/dm_shisetsu/11381843
八坂庚申堂	https://4travel.jp/dm_shisetsu/10002099
潮岬	https://4travel.jp/dm_shisetsu/10011039
日牟禮八幡宮	https://4travel.jp/dm_shisetsu/11326216
瑞巌寺	https://4travel.jp/dm_shisetsu/10003469
上原港	https://4travel.jp/dm_shisetsu/11288596
指宿のたまて箱	https://4travel.jp/dm_shisetsu/11293541
宗谷丘陵	https://4travel.jp/dm_shisetsu/10009735
四万十川	https://4travel.jp/dm_shisetsu/10011581
尾瀬ヶ原	https://4travel.jp/dm_shisetsu/10010225
天龍寺 曹源池庭園	https://4travel.jp/dm_shisetsu/11584498
美保神社	https://4travel.jp/dm_shisetsu/10002670
裏摩周展望台	https://4travel.jp/dm_shisetsu/10007498
中本鮮魚店	https://4travel.jp/dm_shisetsu/10195907
那須ロープウェイ	https://4travel.jp/dm_shisetsu/10000388
埼玉りそな銀行川越支店	https://4travel.jp/dm_shisetsu/10007606
笠間稲荷神社	https://4travel.jp/dm_shisetsu/10001232
圓徳院	https://4travel.jp/dm_shisetsu/10002088
法隆寺 金堂	https://4travel.jp/dm_shisetsu/11348048
二条城 二の丸庭園	https://4travel.jp/dm_shisetsu/11343130
手向山八幡宮	https://4travel.jp/dm_shisetsu/11337907
なまはげ館	https://4travel.jp/dm_shisetsu/10012880
釈迦堂パーキングエリア	https://4travel.jp/dm_shisetsu/10667197
穂高神社 上高地明神池 奥宮	https://4travel.jp/dm_shisetsu/11322419
野島崎	https://4travel.jp/dm_shisetsu/10604135
北大ポプラ並木	https://4travel.jp/dm_shisetsu/10008652
鹿児島県奄美パーク	https://4travel.jp/dm_shisetsu/11292674
六花亭 小樽運河店	https://4travel.jp/dm_shisetsu/10900405
ハイウェイ食堂	https://4travel.jp/dm_shisetsu/10707339
鵜戸神宮	https://4travel.jp/dm_shisetsu/10003189
ミーフガー	https://4travel.jp/dm_shisetsu/10012170
奥武島	https://4travel.jp/dm_shisetsu/10012159
大江湿原	https://4travel.jp/dm_shisetsu/10012664
南ヶ丘牧場	https://4travel.jp/dm_shisetsu/11290723
ディズニーアンバサダー（R）ホテル	https://4travel.jp/dm_hotel_each-10035367.html
宮島ロープウェー	https://4travel.jp/dm_shisetsu/10000610
越前大野城	https://4travel.jp/dm_shisetsu/10005900
ブラッスリー・ベルデマール	https://4travel.jp/dm_shisetsu/10706959
函館市電 十字街停留場	https://4travel.jp/dm_shisetsu/10021687
北菓楼  小樽本館	https://4travel.jp/dm_shisetsu/10900346
山梨県立リニア見学センター	https://4travel.jp/dm_shisetsu/10014315
行幸通り	https://4travel.jp/dm_shisetsu/11327708
白樺湖	https://4travel.jp/dm_shisetsu/10010346
黒部ダムレストハウス	https://4travel.jp/dm_shisetsu/11231137
八方尾根	https://4travel.jp/dm_shisetsu/10010417
茶臼岳	https://4travel.jp/dm_shisetsu/10010045
黄金崎不老ふ死温泉	https://4travel.jp/dm_hotel_each-10060161.html
山地獄	https://4travel.jp/dm_shisetsu/10008620
神門通り	https://4travel.jp/dm_shisetsu/11331468
大山寺	https://4travel.jp/dm_shisetsu/10001145
中村藤吉本店 宇治本店	https://4travel.jp/dm_shisetsu/10195922
六波羅蜜寺	https://4travel.jp/dm_shisetsu/10002093
好文亭	https://4travel.jp/dm_shisetsu/10004800
北九州市立国際友好記念図書館	https://4travel.jp/dm_shisetsu/10015828
銀閣寺 (慈照寺)	https://4travel.jp/dm_shisetsu/10002154
鬼怒楯岩大吊橋	https://4travel.jp/dm_shisetsu/10010031
恵林寺	https://4travel.jp/dm_shisetsu/10001520
道の駅 とみうら枇杷倶楽部	https://4travel.jp/dm_shisetsu/11003928
ユートピアファーム宮古島	https://4travel.jp/dm_shisetsu/10019010
三澤屋	https://4travel.jp/dm_shisetsu/10137788
紅葉堂 本店	https://4travel.jp/dm_shisetsu/11269237
桃太郎像	https://4travel.jp/dm_shisetsu/11335687
柳沼	https://4travel.jp/dm_shisetsu/10012637
裏磐梯レイクリゾート	https://4travel.jp/dm_hotel_each-10039529.html
神戸ルミナリエ	https://4travel.jp/dm_shisetsu/10218024
ぱいぱいのむら	https://4travel.jp/dm_shisetsu/10707164
サザンビーチホテル&amp;リゾート沖縄	https://4travel.jp/dm_hotel_each-10220877.html
三笠公園	https://4travel.jp/dm_shisetsu/10017267
北野天満神社	https://4travel.jp/dm_shisetsu/10002517
丸尾滝	https://4travel.jp/dm_shisetsu/10012150
長者原	https://4travel.jp/dm_shisetsu/10011942
パーラーみんぴか	https://4travel.jp/dm_shisetsu/10669046
平戸ザビエル記念教会	https://4travel.jp/dm_shisetsu/10003123
地獄蒸し工房 鉄輪	https://4travel.jp/dm_shisetsu/10844425
網走刑務所	https://4travel.jp/dm_shisetsu/11293946
地球岬	https://4travel.jp/dm_shisetsu/10009577
大観峰展望台	https://4travel.jp/dm_shisetsu/10005942
龍宮神社	https://4travel.jp/dm_shisetsu/11336170
西明寺(池寺)	https://4travel.jp/dm_shisetsu/10001855
日吉大社	https://4travel.jp/dm_shisetsu/10001806
岩手山	https://4travel.jp/dm_shisetsu/10009430
宝登山	https://4travel.jp/dm_shisetsu/10010103
宝戒寺	https://4travel.jp/dm_shisetsu/10001087
東京ソラマチ (スカイツリータウン)	https://4travel.jp/dm_shisetsu/11289459
日本武道館	https://4travel.jp/dm_shisetsu/11290532
盛楼閣	https://4travel.jp/dm_shisetsu/10204881
青森県立美術館	https://4travel.jp/dm_shisetsu/10013087
いちぎん食堂	https://4travel.jp/dm_shisetsu/10707333
十勝川温泉 第一ホテル 豊洲亭 豆陽亭	https://4travel.jp/dm_hotel_each-10040988.html
きしもと食堂	https://4travel.jp/dm_shisetsu/10189222
富山地方鉄道 (鉄道線)	https://4travel.jp/dm_shisetsu/11287880
水前寺成趣園	https://4travel.jp/dm_shisetsu/10005693
青沼	https://4travel.jp/dm_shisetsu/11290722
駒ヶ岳(木曽駒ケ岳)	https://4travel.jp/dm_shisetsu/10603855
ホテル ロコア ナハ	https://4travel.jp/dm_hotel_each-10220141.html
ヴェルニー公園	https://4travel.jp/dm_shisetsu/10017272
明治神宮野球場	https://4travel.jp/dm_shisetsu/10666533
萩城跡指月公園	https://4travel.jp/dm_shisetsu/10005485
沼津港大型展望水門びゅうお	https://4travel.jp/dm_shisetsu/10007356
旧三菱第2ドックハウス	https://4travel.jp/dm_shisetsu/10006155
四天王寺	https://4travel.jp/dm_shisetsu/10001907
西の浜	https://4travel.jp/dm_shisetsu/11330541
ナーマ浜	https://4travel.jp/dm_shisetsu/11291173
朱鷺メッセ新潟コンベンションセンター	https://4travel.jp/dm_shisetsu/11289574
落柿舎	https://4travel.jp/dm_shisetsu/10005213
羊蹄山(えぞ富士)	https://4travel.jp/dm_shisetsu/10009556
五十間長屋	https://4travel.jp/dm_shisetsu/10007573
伊吹山	https://4travel.jp/dm_shisetsu/10010849
路面電車(とさでん交通)	https://4travel.jp/dm_shisetsu/10000636
源光庵	https://4travel.jp/dm_shisetsu/10002069
富岡八幡宮	https://4travel.jp/dm_shisetsu/10000962
武甲山	https://4travel.jp/dm_shisetsu/10010091
阿嘉港	https://4travel.jp/dm_shisetsu/11630609
文翔館(山形県旧県庁舎及び県会議事堂)	https://4travel.jp/dm_shisetsu/10016842
足摺岬灯台	https://4travel.jp/dm_shisetsu/10008052
厚岸味覚ターミナル コンキリエ 	https://4travel.jp/dm_shisetsu/11194352
太宰府天満宮 御本殿	https://4travel.jp/dm_shisetsu/11559449
東山動物園	https://4travel.jp/dm_shisetsu/11309521
文学のこみち	https://4travel.jp/dm_shisetsu/11293168
石垣島バスターミナル	https://4travel.jp/dm_shisetsu/11361358
マルキン醤油記念館	https://4travel.jp/dm_shisetsu/10015659
お食事処おさない	https://4travel.jp/dm_shisetsu/10198415
パーラー ぱいぬ島	https://4travel.jp/dm_shisetsu/10669057
首里城 鎖之間	https://4travel.jp/dm_shisetsu/10707976
山代温泉古総湯	https://4travel.jp/dm_shisetsu/11304881
NEOPASA駿河湾沼津 (上り)	https://4travel.jp/dm_shisetsu/11290798
しなの鉄道 (電車)	https://4travel.jp/dm_shisetsu/11289151
禄剛埼灯台	https://4travel.jp/dm_shisetsu/10007229
海人公園	https://4travel.jp/dm_shisetsu/10019017
太鼓岩	https://4travel.jp/dm_shisetsu/10012069
関電トンネルトロリーバス	https://4travel.jp/dm_shisetsu/10000416
道の駅 開国下田みなと	https://4travel.jp/dm_shisetsu/10019777
地蔵湯	https://4travel.jp/dm_shisetsu/11288793
尚古集成館	https://4travel.jp/dm_shisetsu/10016219
八ヶ岳	https://4travel.jp/dm_shisetsu/10010472
竹林寺	https://4travel.jp/dm_shisetsu/11187748
湯島聖堂	https://4travel.jp/dm_shisetsu/10000939
由岐神社	https://4travel.jp/dm_shisetsu/11288650
神田家	https://4travel.jp/dm_shisetsu/10005040
東京モノレール	https://4travel.jp/dm_shisetsu/11291255
上賀茂神社の立て砂 （盛砂）	https://4travel.jp/dm_shisetsu/10003951
栄町市場	https://4travel.jp/dm_shisetsu/11288992
三芳パーキングエリア	https://4travel.jp/dm_shisetsu/10666351
ホテルマハイナ ウェルネスリゾートオキナワ	https://4travel.jp/dm_hotel_each-10053591.html
クラーク像	https://4travel.jp/dm_shisetsu/10008649
神明神社(石神さん)	https://4travel.jp/dm_shisetsu/10004064
大濠公園	https://4travel.jp/dm_shisetsu/10018675
かねふくめんたいパーク大洗	https://4travel.jp/dm_shisetsu/11299711
支笏湖ビジターセンター	https://4travel.jp/dm_shisetsu/11325629
ANAクラウンプラザホテル札幌	https://4travel.jp/dm_hotel_each-10040734.html
カモンワーフ	https://4travel.jp/dm_shisetsu/11315783
アーント ペグズ ヴィレッジストア	https://4travel.jp/dm_shisetsu/11343501
獅子岩展望台	https://4travel.jp/dm_shisetsu/11293338
石割桜	https://4travel.jp/dm_shisetsu/10008919
ANAクラウンプラザホテル金沢	https://4travel.jp/dm_hotel_each-10054022.html
アマミチュー	https://4travel.jp/dm_shisetsu/11321884
鑁阿寺	https://4travel.jp/dm_shisetsu/11291805
中央アルプス駒ヶ岳ロープウェイ	https://4travel.jp/dm_shisetsu/10000419
プレミアムラウンジ セントレア	https://4travel.jp/dm_shisetsu/11361359
浜名湖サービスエリア	https://4travel.jp/dm_shisetsu/10666381
岡田港	https://4travel.jp/dm_shisetsu/11347637
クリスマスツリーの木 	https://4travel.jp/dm_shisetsu/11292072
天岩戸神社	https://4travel.jp/dm_shisetsu/10003187
鉄輪温泉	https://4travel.jp/dm_shisetsu/10031525
大山(伯耆富士)	https://4travel.jp/dm_shisetsu/10011209
高遠城址公園	https://4travel.jp/dm_shisetsu/10009199
こま参道	https://4travel.jp/dm_shisetsu/11353505
トドワラ	https://4travel.jp/dm_shisetsu/10009653
廻旋橋	https://4travel.jp/dm_shisetsu/10007998
有村溶岩展望所	https://4travel.jp/dm_shisetsu/10012047
八幡堀	https://4travel.jp/dm_shisetsu/10006766
伊豆山神社	https://4travel.jp/dm_shisetsu/10003555
イタリア大使館別荘記念公園	https://4travel.jp/dm_shisetsu/10008253
八幡平 (岩手)	https://4travel.jp/dm_shisetsu/10009428
海峡ゆめタワー	https://4travel.jp/dm_shisetsu/10005465
イノダコーヒ 本店	https://4travel.jp/dm_shisetsu/10183117
熊野古道	https://4travel.jp/dm_shisetsu/10667342
津和野カトリック教会	https://4travel.jp/dm_shisetsu/10002705
元安橋	https://4travel.jp/dm_shisetsu/11335711
横浜ロイヤルパークホテル	https://4travel.jp/dm_hotel_each-10041904.html
松尾大社	https://4travel.jp/dm_shisetsu/10002236
中町通り	https://4travel.jp/dm_shisetsu/11306129
郷家	https://4travel.jp/dm_shisetsu/10179370
平和通買物公園	https://4travel.jp/dm_shisetsu/10006236
氣比神宮	https://4travel.jp/dm_shisetsu/10003229
シンドバッド ストーリーブック ヴォヤッジ	https://4travel.jp/dm_shisetsu/11328224
黒島展望台	https://4travel.jp/dm_shisetsu/10007855
太宰府天満宮 飛梅	https://4travel.jp/dm_shisetsu/11345197
五色沼自然探勝路	https://4travel.jp/dm_shisetsu/10019200
仲間川	https://4travel.jp/dm_shisetsu/10012296
沖縄ハーバービューホテル	https://4travel.jp/dm_hotel_each-10053456.html
桜の馬場 城彩苑	https://4travel.jp/dm_shisetsu/11324891
黒島	https://4travel.jp/dm_shisetsu/10012289
大阪モノレール	https://4travel.jp/dm_shisetsu/11324222
平戸城	https://4travel.jp/dm_shisetsu/10005675
高千穂神社	https://4travel.jp/dm_shisetsu/10003186
なばなの里 ウィンターイルミネーション 冬華の競演	https://4travel.jp/dm_shisetsu/10048601
城ケ崎海岸	https://4travel.jp/dm_shisetsu/10010558
宮内庁	https://4travel.jp/dm_shisetsu/11372674
由比ガ浜海水浴場	https://4travel.jp/dm_shisetsu/10032093
アサヒビール吾妻橋ビル	https://4travel.jp/dm_shisetsu/10006201
高松塚古墳	https://4travel.jp/dm_shisetsu/10006944
橘寺	https://4travel.jp/dm_shisetsu/10002387
万平ホテル	https://4travel.jp/dm_hotel_each-10036232.html
こおろぎ橋	https://4travel.jp/dm_shisetsu/11288070
段葛	https://4travel.jp/dm_shisetsu/10006577
東京湾フェリー (久里浜港発)	https://4travel.jp/dm_shisetsu/11354019
白馬岳	https://4travel.jp/dm_shisetsu/10010422
金剛福寺	https://4travel.jp/dm_shisetsu/11187752
法隆寺 南大門	https://4travel.jp/dm_shisetsu/11559377
道の駅 なるさわ 	https://4travel.jp/dm_shisetsu/11355672
金剛輪寺	https://4travel.jp/dm_shisetsu/11286853
長崎出島ワーフ	https://4travel.jp/dm_shisetsu/11288281
高尾山浄心門	https://4travel.jp/dm_shisetsu/11341767
赤かぼちゃ	https://4travel.jp/dm_shisetsu/11346121
月読宮	https://4travel.jp/dm_shisetsu/10003976
青函トンネル	https://4travel.jp/dm_shisetsu/11291120
ラウンジオーサカ	https://4travel.jp/dm_shisetsu/11323348
ヒルトン福岡シーホーク	https://4travel.jp/dm_hotel_each-10052202.html
和風ダイニング やえびし	https://4travel.jp/dm_shisetsu/10712397
サッポロファクトリー	https://4travel.jp/dm_shisetsu/11289517
デンサーターミナル (上原港)	https://4travel.jp/dm_shisetsu/11349951
アクアトピア	https://4travel.jp/dm_shisetsu/11328170
カフェ ポルトフィーノ	https://4travel.jp/dm_shisetsu/10126652
松阪城跡	https://4travel.jp/dm_shisetsu/10007335
大谷平和観音	https://4travel.jp/dm_shisetsu/11326506
リニア 鉄道館	https://4travel.jp/dm_shisetsu/10669340
小泉八雲記念館	https://4travel.jp/dm_shisetsu/10015373
永平寺 傘松閣	https://4travel.jp/dm_shisetsu/11375803
久保田城跡	https://4travel.jp/dm_shisetsu/10666191
平良港マリンターミナル	https://4travel.jp/dm_shisetsu/11340482
金色堂旧覆堂	https://4travel.jp/dm_shisetsu/10007879
仙巌園(磯庭園) 御殿	https://4travel.jp/dm_shisetsu/11584235
石垣やいま村	https://4travel.jp/dm_shisetsu/10005871
小樽市観光物産プラザ(運河プラザ)	https://4travel.jp/dm_shisetsu/10004540
青井阿蘇神社	https://4travel.jp/dm_shisetsu/10003141
休暇村 大久野島	https://4travel.jp/dm_hotel_each-10051192.html
石浦神社	https://4travel.jp/dm_shisetsu/11358221
伊能忠敬旧宅	https://4travel.jp/dm_shisetsu/10006313
旧リンガー住宅	https://4travel.jp/dm_shisetsu/10006158
あやとりはし	https://4travel.jp/dm_shisetsu/11304952
巌門	https://4travel.jp/dm_shisetsu/10012406
小布施堂本店	https://4travel.jp/dm_shisetsu/11356124
御座之湯	https://4travel.jp/dm_shisetsu/11350250
堂崎天主堂 キリシタン資料館	https://4travel.jp/dm_shisetsu/10003108
赤城神社(大沼湖畔)	https://4travel.jp/dm_shisetsu/11363338
三神合祭殿	https://4travel.jp/dm_shisetsu/10003916
ペリー上陸記念碑	https://4travel.jp/dm_shisetsu/10006461
道の駅 舟屋の里伊根	https://4travel.jp/dm_shisetsu/10019459
備中松山城	https://4travel.jp/dm_shisetsu/10005418
玉川温泉	https://4travel.jp/dm_shisetsu/10030856
本土寺(あじさい寺)	https://4travel.jp/dm_shisetsu/10001148
田代湿原	https://4travel.jp/dm_shisetsu/11288503
蔵王ロープウェイ	https://4travel.jp/dm_shisetsu/10000812
松代城跡	https://4travel.jp/dm_shisetsu/10004909
智積院	https://4travel.jp/dm_shisetsu/10655645
玉作湯神社	https://4travel.jp/dm_shisetsu/11287757
赤福 内宮前支店	https://4travel.jp/dm_shisetsu/11076156
種差海岸	https://4travel.jp/dm_shisetsu/10016994
三国峠	https://4travel.jp/dm_shisetsu/11290680
御金神社	https://4travel.jp/dm_shisetsu/11323198
北菓楼 札幌本館	https://4travel.jp/dm_shisetsu/11608478
サンエースーパー (石垣シティ店)	https://4travel.jp/dm_shisetsu/11340723
嘉数高台公園	https://4travel.jp/dm_shisetsu/10018970
成田山新勝寺仁王門	https://4travel.jp/dm_shisetsu/11338638
リゾートホテル　久米アイランド　＜久米島＞	https://4travel.jp/dm_hotel_each-10053507.html
サザンゲートブリッジ	https://4travel.jp/dm_shisetsu/11351854
ブセナ海中公園	https://4travel.jp/dm_shisetsu/11335208
比嘉ロードパーク	https://4travel.jp/dm_shisetsu/10007388
立雲峡	https://4travel.jp/dm_shisetsu/10011100
道の駅 風穴の里 	https://4travel.jp/dm_shisetsu/10019865
天文館商店街	https://4travel.jp/dm_shisetsu/11290327
もみじ谷大吊橋	https://4travel.jp/dm_shisetsu/11300526
日本平	https://4travel.jp/dm_shisetsu/10010605
ニセコミルク工房 高橋牧場	https://4travel.jp/dm_shisetsu/10196859
崇福寺	https://4travel.jp/dm_shisetsu/10003098
豊國神社	https://4travel.jp/dm_shisetsu/10001897
カップヌードルミュージアム 横浜	https://4travel.jp/dm_shisetsu/11187611
山中湖 花の都公園	https://4travel.jp/dm_shisetsu/10666604
清津峡	https://4travel.jp/dm_shisetsu/10012538
西沢渓谷	https://4travel.jp/dm_shisetsu/10010463
白兎海岸	https://4travel.jp/dm_shisetsu/10011192
池田湖	https://4travel.jp/dm_shisetsu/10012040
羽生パーキングエリア (下り線)	https://4travel.jp/dm_shisetsu/11354368
スパリゾートハワイアンズ	https://4travel.jp/dm_shisetsu/10033258
道の駅あがつま峡	https://4travel.jp/dm_shisetsu/11380090
平家の里	https://4travel.jp/dm_shisetsu/10004850
了仙寺	https://4travel.jp/dm_shisetsu/10001569
中山峠	https://4travel.jp/dm_shisetsu/10009558
源平池	https://4travel.jp/dm_shisetsu/10009850
鶴岡八幡宮 三の鳥居	https://4travel.jp/dm_shisetsu/11350134
新江ノ島水族館	https://4travel.jp/dm_shisetsu/10000043
極楽寺	https://4travel.jp/dm_shisetsu/10001114
曼殊院	https://4travel.jp/dm_shisetsu/10002141
美らテラス	https://4travel.jp/dm_shisetsu/11369619
知床自然センター	https://4travel.jp/dm_shisetsu/11295201
洋菓子 きのとや 大通公園店	https://4travel.jp/dm_shisetsu/11190327
箱根町港	https://4travel.jp/dm_shisetsu/11370911
鳴子峡	https://4travel.jp/dm_shisetsu/10034059
特急 ラピート	https://4travel.jp/dm_shisetsu/11343966
名鉄バスセンター	https://4travel.jp/dm_shisetsu/11371419
喜屋武岬	https://4travel.jp/dm_shisetsu/10012157
プロメテウス火山	https://4travel.jp/dm_shisetsu/11358572
umie MOSAIC	https://4travel.jp/dm_shisetsu/10033269
清盛神社	https://4travel.jp/dm_shisetsu/11293578
石垣シーサイドホテル	https://4travel.jp/dm_hotel_each-10053669.html
神戸海洋博物館カワサキワールド	https://4travel.jp/dm_shisetsu/10015211
大須商店街	https://4travel.jp/dm_shisetsu/11288937
中通温泉　こまちの湯　ドーミーイン秋田	https://4travel.jp/dm_hotel_each-10058963.html
十和田湖遊覧船	https://4travel.jp/dm_shisetsu/10000232
妻籠宿本陣	https://4travel.jp/dm_shisetsu/10008240
彌彦神社	https://4travel.jp/dm_shisetsu/10003406
湯ノ平湿原 / 湯元源泉地	https://4travel.jp/dm_shisetsu/10010023
天安河原	https://4travel.jp/dm_shisetsu/10011983
石見銀山世界遺産センター	https://4travel.jp/dm_shisetsu/11288324
臼杵石仏	https://4travel.jp/dm_shisetsu/10006363
恵比寿ガーデンプレイス	https://4travel.jp/dm_shisetsu/10004670
坂本ケーブル	https://4travel.jp/dm_shisetsu/10000496
天守閣跡	https://4travel.jp/dm_shisetsu/10006920
丹沢湖	https://4travel.jp/dm_shisetsu/10009896
野付半島ネイチャーセンター	https://4travel.jp/dm_shisetsu/11322786
白旗の湯 	https://4travel.jp/dm_shisetsu/11291319
大三島橋	https://4travel.jp/dm_shisetsu/11317324
羽衣の松	https://4travel.jp/dm_shisetsu/11353480
旧オルト住宅	https://4travel.jp/dm_shisetsu/10006157
関電トンネル電気バス	https://4travel.jp/dm_shisetsu/11288981
西湖	https://4travel.jp/dm_shisetsu/10010447
ペシ岬	https://4travel.jp/dm_shisetsu/10032384
十和田神社	https://4travel.jp/dm_shisetsu/10000827
財団法人 片倉館	https://4travel.jp/dm_shisetsu/11289468
弘前市立観光館	https://4travel.jp/dm_shisetsu/11293644
浜辺の茶屋	https://4travel.jp/dm_shisetsu/10214007
発心門王子	https://4travel.jp/dm_shisetsu/10006809
峰温泉大噴湯公園	https://4travel.jp/dm_shisetsu/11309139
寺田屋	https://4travel.jp/dm_shisetsu/10005212
巾着田	https://4travel.jp/dm_shisetsu/10010070
葛原岡神社	https://4travel.jp/dm_shisetsu/11288716
宝光社	https://4travel.jp/dm_shisetsu/10001429
相国寺	https://4travel.jp/dm_shisetsu/10002041
東大寺ミュージアム	https://4travel.jp/dm_shisetsu/11289553
菓子屋横丁	https://4travel.jp/dm_shisetsu/10007604
上高地 明神館	https://4travel.jp/dm_hotel_each-10036358.html
プユニ岬	https://4travel.jp/dm_shisetsu/10009750
角館樺細工伝承館	https://4travel.jp/dm_shisetsu/10012902
道の駅 湯西川	https://4travel.jp/dm_shisetsu/10019946
東京国際フォーラム	https://4travel.jp/dm_shisetsu/11187673
奥之院 大仏殿	https://4travel.jp/dm_shisetsu/11352509
グランドエンポーリアム	https://4travel.jp/dm_shisetsu/11344072
インディ ジョーンズ アドベンチャー:クリスタルスカルの魔宮	https://4travel.jp/dm_shisetsu/11328220
牡蠣屋	https://4travel.jp/dm_shisetsu/11171680
桧原湖	https://4travel.jp/dm_shisetsu/10012625
駿府城址	https://4travel.jp/dm_shisetsu/10603882
萌黄の館	https://4travel.jp/dm_shisetsu/10005269
信長塀 (熱田神宮)	https://4travel.jp/dm_shisetsu/11375082
天然温泉　天北の湯　ドーミーイン稚内	https://4travel.jp/dm_hotel_each-10218658.html
保良川（保良泉）ビーチ	https://4travel.jp/dm_shisetsu/10668981
オリオンハッピーパーク	https://4travel.jp/dm_shisetsu/10669007
西のアザナ	https://4travel.jp/dm_shisetsu/11339927
堺町交差点 (メルヘン交差点)	https://4travel.jp/dm_shisetsu/11365372
名古屋港水族館	https://4travel.jp/dm_shisetsu/10000096
仏ヶ浦	https://4travel.jp/dm_shisetsu/10009543
別府高等温泉館	https://4travel.jp/dm_hotel_each-11376560.html
多賀サービスエリア	https://4travel.jp/dm_shisetsu/10666385
さっぽろ雪まつり	https://4travel.jp/dm_shisetsu/11286570
江島神社 中津宮	https://4travel.jp/dm_shisetsu/11342985
伊弉諾神宮	https://4travel.jp/dm_shisetsu/11292083
福知山城(福知山市郷土資料館)	https://4travel.jp/dm_shisetsu/10005216
北斎館	https://4travel.jp/dm_shisetsu/10014021
寸又峡	https://4travel.jp/dm_shisetsu/10034206
至仏山	https://4travel.jp/dm_shisetsu/10010227
来島海峡サービスエリア	https://4travel.jp/dm_shisetsu/10666400
平等院表参道	https://4travel.jp/dm_shisetsu/11346524
大内宿町並み展示館	https://4travel.jp/dm_shisetsu/10016726
日本最北端の地の碑	https://4travel.jp/dm_shisetsu/11559684
甲州夢小路	https://4travel.jp/dm_shisetsu/11337724
高岩寺(とげぬき地蔵)	https://4travel.jp/dm_shisetsu/10000991
隅田公園	https://4travel.jp/dm_shisetsu/10017139
旧寛永寺五重塔	https://4travel.jp/dm_shisetsu/10007385
大涌谷くろたまご館	https://4travel.jp/dm_shisetsu/11360664
ポーラ美術館	https://4travel.jp/dm_shisetsu/10013599
姫路城 菱の門	https://4travel.jp/dm_shisetsu/11560506
六花亭 五稜郭店	https://4travel.jp/dm_shisetsu/10899560
インターコンチネンタル横浜Pier 8	https://4travel.jp/dm_hotel_each-11796100.html
JR横須賀線	https://4travel.jp/dm_shisetsu/11602283
旧北海道庁函館支庁庁舎	https://4travel.jp/dm_shisetsu/10008350
帯岩	https://4travel.jp/dm_shisetsu/10012263
湯の坪街道	https://4travel.jp/dm_shisetsu/11289357
ノリタケの森	https://4travel.jp/dm_shisetsu/10014552
北一硝子 三号館 (旧木村倉庫)	https://4travel.jp/dm_shisetsu/11287723
千本松牧場	https://4travel.jp/dm_shisetsu/10033237
マルハ鮮魚	https://4travel.jp/dm_shisetsu/10668782
広島バスセンター	https://4travel.jp/dm_shisetsu/11338280
釜あげうどん 長田 in 香の香	https://4travel.jp/dm_shisetsu/10195752
龍潭	https://4travel.jp/dm_shisetsu/10005829
吉備津彦神社	https://4travel.jp/dm_shisetsu/10002707
岡山城 天守閣	https://4travel.jp/dm_shisetsu/11631021
三井アウトレットパーク木更津	https://4travel.jp/dm_shisetsu/11288744
JR山陽本線	https://4travel.jp/dm_shisetsu/11602570
奥武山公園	https://4travel.jp/dm_shisetsu/11288994
飛騨国分寺	https://4travel.jp/dm_shisetsu/11326792
宇奈月温泉	https://4travel.jp/dm_shisetsu/10031620
野沢温泉 麻釜熱湯湧泉	https://4travel.jp/dm_shisetsu/11338772
松山城 天守	https://4travel.jp/dm_shisetsu/11614944
氷室神社	https://4travel.jp/dm_shisetsu/10002340
香嵐渓	https://4travel.jp/dm_shisetsu/10033983
東京ステーションホテル	https://4travel.jp/dm_hotel_each-10041192.html
清津峡渓谷トンネル	https://4travel.jp/dm_shisetsu/10603800
内宮 神楽殿	https://4travel.jp/dm_shisetsu/10003986
特急スペーシア	https://4travel.jp/dm_shisetsu/11287773
羅漢寺	https://4travel.jp/dm_shisetsu/10002687
新横浜公園	https://4travel.jp/dm_shisetsu/11336432
埼玉スタジアム2002	https://4travel.jp/dm_shisetsu/11289434
黒門市場	https://4travel.jp/dm_shisetsu/10005131
叡山電鉄	https://4travel.jp/dm_shisetsu/11288611
興福寺国宝館	https://4travel.jp/dm_shisetsu/11312902
福江港ターミナル 五島市観光案内所	https://4travel.jp/dm_shisetsu/11361521
桃台猫台	https://4travel.jp/dm_shisetsu/11292095
素鵞社	https://4travel.jp/dm_shisetsu/11601500
覚円峰	https://4travel.jp/dm_shisetsu/11323291
摩周湖第三展望台	https://4travel.jp/dm_shisetsu/10008675
百済寺	https://4travel.jp/dm_shisetsu/11286850
JR鉄道最高地点	https://4travel.jp/dm_shisetsu/10008235
きのこ王国 本店	https://4travel.jp/dm_shisetsu/10188945
穂高神社	https://4travel.jp/dm_shisetsu/10001499
竹生島	https://4travel.jp/dm_shisetsu/10010859
銀の湯	https://4travel.jp/dm_shisetsu/11288807
有馬温泉ねね像	https://4travel.jp/dm_shisetsu/11344277
ねね橋	https://4travel.jp/dm_shisetsu/11288292
浄妙寺	https://4travel.jp/dm_shisetsu/10001081
春日大社 本社本殿	https://4travel.jp/dm_shisetsu/11342790
正倉院	https://4travel.jp/dm_shisetsu/10005223
護王神社	https://4travel.jp/dm_shisetsu/10002025
高瀬川	https://4travel.jp/dm_shisetsu/10010889
